-- MySQL dump 10.13  Distrib 8.0.21, for Linux (x86_64)
--
-- Host: localhost    Database: vk
-- ------------------------------------------------------
-- Server version	8.0.21-0ubuntu0.20.04.4

/*!40101 SET @OLD_CHARACTER_SET_CLIENT=@@CHARACTER_SET_CLIENT */;
/*!40101 SET @OLD_CHARACTER_SET_RESULTS=@@CHARACTER_SET_RESULTS */;
/*!40101 SET @OLD_COLLATION_CONNECTION=@@COLLATION_CONNECTION */;
/*!50503 SET NAMES utf8mb4 */;
/*!40103 SET @OLD_TIME_ZONE=@@TIME_ZONE */;
/*!40103 SET TIME_ZONE='+00:00' */;
/*!40014 SET @OLD_UNIQUE_CHECKS=@@UNIQUE_CHECKS, UNIQUE_CHECKS=0 */;
/*!40014 SET @OLD_FOREIGN_KEY_CHECKS=@@FOREIGN_KEY_CHECKS, FOREIGN_KEY_CHECKS=0 */;
/*!40101 SET @OLD_SQL_MODE=@@SQL_MODE, SQL_MODE='NO_AUTO_VALUE_ON_ZERO' */;
/*!40111 SET @OLD_SQL_NOTES=@@SQL_NOTES, SQL_NOTES=0 */;

--
-- Table structure for table `cities`
--

DROP TABLE IF EXISTS `cities`;
/*!40101 SET @saved_cs_client     = @@character_set_client */;
/*!50503 SET character_set_client = utf8mb4 */;
CREATE TABLE `cities` (
  `id` int unsigned NOT NULL AUTO_INCREMENT COMMENT 'Идентификатор строки',
  `country_id` int unsigned DEFAULT NULL,
  `name` varchar(50) NOT NULL COMMENT 'Название города',
  `created_at` datetime DEFAULT CURRENT_TIMESTAMP COMMENT 'Время создания строки',
  `updated_at` datetime DEFAULT CURRENT_TIMESTAMP ON UPDATE CURRENT_TIMESTAMP COMMENT 'Время обновления строки',
  PRIMARY KEY (`id`),
  UNIQUE KEY `name` (`name`)
) ENGINE=InnoDB AUTO_INCREMENT=128 DEFAULT CHARSET=utf8mb4 COLLATE=utf8mb4_0900_ai_ci COMMENT='Список стран';
/*!40101 SET character_set_client = @saved_cs_client */;

--
-- Dumping data for table `cities`
--

LOCK TABLES `cities` WRITE;
/*!40000 ALTER TABLE `cities` DISABLE KEYS */;
INSERT INTO `cities` VALUES (1,18,'West Ignacioshire','2020-10-25 01:12:19','2020-10-25 01:17:27'),(2,13,'Ornberg','2020-10-25 01:12:19','2020-10-25 01:17:27'),(3,10,'North Claudie','2020-10-25 01:12:19','2020-10-25 01:17:27'),(4,9,'Turcottetown','2020-10-25 01:12:19','2020-10-25 01:17:27'),(5,15,'Lake Steveview','2020-10-25 01:12:19','2020-10-25 01:17:27'),(6,47,'Bettyeton','2020-10-25 01:12:19','2020-10-25 01:17:27'),(7,22,'Brannonmouth','2020-10-25 01:12:19','2020-10-25 01:17:27'),(8,53,'Herthamouth','2020-10-25 01:12:19','2020-10-25 01:17:27'),(9,34,'Kihnborough','2020-10-25 01:12:19','2020-10-25 01:17:27'),(10,11,'East Adolfofort','2020-10-25 01:12:19','2020-10-25 01:17:27'),(11,32,'Port Kaleyland','2020-10-25 01:12:19','2020-10-25 01:17:27'),(12,47,'Lake Eugenebury','2020-10-25 01:12:19','2020-10-25 01:17:27'),(13,54,'Hahnton','2020-10-25 01:12:19','2020-10-25 01:17:27'),(14,46,'Hayesberg','2020-10-25 01:12:19','2020-10-25 01:17:27'),(15,65,'Botsfordfort','2020-10-25 01:12:19','2020-10-25 01:17:27'),(16,24,'Arielbury','2020-10-25 01:12:19','2020-10-25 01:17:27'),(17,6,'North Augustinechester','2020-10-25 01:12:19','2020-10-25 01:17:27'),(18,43,'East Rebeccamouth','2020-10-25 01:12:19','2020-10-25 01:17:27'),(19,28,'Briahaven','2020-10-25 01:12:19','2020-10-25 01:17:27'),(20,9,'Veldabury','2020-10-25 01:12:19','2020-10-25 01:17:27'),(21,45,'Hammesland','2020-10-25 01:12:19','2020-10-25 01:17:27'),(22,33,'East Lucas','2020-10-25 01:12:19','2020-10-25 01:17:27'),(23,29,'Bergeton','2020-10-25 01:12:19','2020-10-25 01:17:27'),(24,47,'West Shyanneborough','2020-10-25 01:12:19','2020-10-25 01:17:27'),(25,63,'East Tre','2020-10-25 01:12:19','2020-10-25 01:17:27'),(26,9,'Neldaton','2020-10-25 01:12:19','2020-10-25 01:17:27'),(27,20,'West Joe','2020-10-25 01:12:19','2020-10-25 01:17:27'),(28,74,'North Gaetano','2020-10-25 01:12:19','2020-10-25 01:17:27'),(29,58,'Heathcoteburgh','2020-10-25 01:12:19','2020-10-25 01:17:27'),(30,69,'Port Marlee','2020-10-25 01:12:19','2020-10-25 01:17:27'),(31,3,'Port Cecilmouth','2020-10-25 01:12:19','2020-10-25 01:17:27'),(32,59,'Barrowsview','2020-10-25 01:12:19','2020-10-25 01:17:27'),(33,36,'North Kiana','2020-10-25 01:12:19','2020-10-25 01:17:27'),(34,3,'Weimannstad','2020-10-25 01:12:19','2020-10-25 01:17:27'),(35,71,'North Jeramytown','2020-10-25 01:12:19','2020-10-25 01:17:27'),(36,12,'Klockomouth','2020-10-25 01:12:19','2020-10-25 01:17:27'),(37,16,'South Coltentown','2020-10-25 01:12:19','2020-10-25 01:17:27'),(38,41,'Wisozkville','2020-10-25 01:12:19','2020-10-25 01:17:27'),(39,74,'East Jermeyburgh','2020-10-25 01:12:19','2020-10-25 01:17:27'),(40,80,'Croninhaven','2020-10-25 01:12:19','2020-10-25 01:17:27'),(41,12,'Schambergerview','2020-10-25 01:12:19','2020-10-25 01:17:27'),(42,67,'Ludwighaven','2020-10-25 01:12:19','2020-10-25 01:17:27'),(43,49,'Reichelburgh','2020-10-25 01:12:19','2020-10-25 01:17:27'),(44,43,'Macejkovicport','2020-10-25 01:12:19','2020-10-25 01:17:27'),(45,68,'Lake Lelia','2020-10-25 01:12:19','2020-10-25 01:17:27'),(46,47,'Pagacstad','2020-10-25 01:12:19','2020-10-25 01:17:27'),(47,27,'Ricefurt','2020-10-25 01:12:19','2020-10-25 01:17:27'),(48,79,'South Cydneyville','2020-10-25 01:12:19','2020-10-25 01:17:27'),(49,63,'Millsburgh','2020-10-25 01:12:19','2020-10-25 01:17:27'),(50,78,'East Kadeshire','2020-10-25 01:12:19','2020-10-25 01:17:27'),(51,36,'Jeradborough','2020-10-25 01:12:19','2020-10-25 01:17:27'),(52,26,'Port Rodville','2020-10-25 01:12:19','2020-10-25 01:17:27'),(53,23,'Lake Leo','2020-10-25 01:12:19','2020-10-25 01:17:27'),(54,34,'East Brennaberg','2020-10-25 01:12:19','2020-10-25 01:17:27'),(55,21,'Nitzschechester','2020-10-25 01:12:19','2020-10-25 01:17:27'),(56,1,'Magnusbury','2020-10-25 01:12:19','2020-10-25 01:17:27'),(57,24,'East Faustohaven','2020-10-25 01:12:19','2020-10-25 01:17:27'),(58,36,'Port Lisandro','2020-10-25 01:12:19','2020-10-25 01:17:27'),(59,23,'South Shawn','2020-10-25 01:12:19','2020-10-25 01:17:27'),(60,6,'New Abigalestad','2020-10-25 01:12:19','2020-10-25 01:17:27'),(61,44,'South Lavonne','2020-10-25 01:12:19','2020-10-25 01:17:27'),(62,37,'Port Jack','2020-10-25 01:12:19','2020-10-25 01:17:27'),(63,50,'Manteton','2020-10-25 01:12:19','2020-10-25 01:17:27'),(64,58,'South Ned','2020-10-25 01:12:19','2020-10-25 01:17:27'),(65,56,'Barrettberg','2020-10-25 01:12:19','2020-10-25 01:17:27'),(66,23,'Quigleyburgh','2020-10-25 01:12:19','2020-10-25 01:17:27'),(67,30,'West Roxanneville','2020-10-25 01:12:19','2020-10-25 01:17:27'),(68,80,'Eugeneburgh','2020-10-25 01:12:19','2020-10-25 01:17:27'),(69,60,'Port Theresa','2020-10-25 01:12:19','2020-10-25 01:17:27'),(70,61,'Westfurt','2020-10-25 01:12:19','2020-10-25 01:17:27'),(71,42,'Zulaufview','2020-10-25 01:12:19','2020-10-25 01:17:27'),(72,25,'West Robbie','2020-10-25 01:12:19','2020-10-25 01:17:27'),(73,83,'South Hans','2020-10-25 01:12:19','2020-10-25 01:17:27'),(74,6,'New Carolynefort','2020-10-25 01:12:19','2020-10-25 01:17:27'),(75,32,'East Emilia','2020-10-25 01:12:19','2020-10-25 01:17:27'),(76,56,'Beattyfurt','2020-10-25 01:12:19','2020-10-25 01:17:27'),(77,18,'Roselynhaven','2020-10-25 01:12:19','2020-10-25 01:17:27'),(78,6,'Port Alana','2020-10-25 01:12:19','2020-10-25 01:17:27'),(79,59,'Friesenfort','2020-10-25 01:12:19','2020-10-25 01:17:27'),(80,28,'Port Hester','2020-10-25 01:12:19','2020-10-25 01:17:27'),(81,42,'Robbland','2020-10-25 01:12:19','2020-10-25 01:17:27'),(82,46,'Port Delbertshire','2020-10-25 01:12:19','2020-10-25 01:17:27'),(83,19,'Breitenbergtown','2020-10-25 01:12:19','2020-10-25 01:17:27'),(84,38,'East Lula','2020-10-25 01:12:19','2020-10-25 01:17:27'),(85,50,'South Laurianneland','2020-10-25 01:12:19','2020-10-25 01:17:27'),(86,51,'Lake Aureliemouth','2020-10-25 01:12:19','2020-10-25 01:17:27'),(87,24,'East Mireya','2020-10-25 01:12:19','2020-10-25 01:17:27'),(88,48,'Kundeberg','2020-10-25 01:12:19','2020-10-25 01:17:27'),(89,3,'Lake Chaim','2020-10-25 01:12:19','2020-10-25 01:17:27'),(90,37,'East Allen','2020-10-25 01:12:19','2020-10-25 01:17:27'),(91,10,'Keelyborough','2020-10-25 01:12:19','2020-10-25 01:17:27'),(92,19,'Lindseyshire','2020-10-25 01:12:19','2020-10-25 01:17:27'),(93,66,'New Juliet','2020-10-25 01:12:19','2020-10-25 01:17:27'),(94,24,'Port Denis','2020-10-25 01:12:19','2020-10-25 01:17:27'),(95,2,'Bergemouth','2020-10-25 01:12:19','2020-10-25 01:17:27'),(96,23,'Lake Deeborough','2020-10-25 01:12:19','2020-10-25 01:17:27'),(97,24,'Port Timmothyland','2020-10-25 01:12:19','2020-10-25 01:17:27'),(98,49,'Victorburgh','2020-10-25 01:12:19','2020-10-25 01:17:27'),(99,8,'South Dorothy','2020-10-25 01:12:19','2020-10-25 01:17:27'),(100,59,'South Kiley','2020-10-25 01:12:19','2020-10-25 01:17:27');
/*!40000 ALTER TABLE `cities` ENABLE KEYS */;
UNLOCK TABLES;

--
-- Table structure for table `communities`
--

DROP TABLE IF EXISTS `communities`;
/*!40101 SET @saved_cs_client     = @@character_set_client */;
/*!50503 SET character_set_client = utf8mb4 */;
CREATE TABLE `communities` (
  `id` int unsigned NOT NULL AUTO_INCREMENT COMMENT 'Идентификатор сроки',
  `name` varchar(150) CHARACTER SET utf8 COLLATE utf8_unicode_ci NOT NULL COMMENT 'Название группы',
  `created_at` datetime DEFAULT CURRENT_TIMESTAMP COMMENT 'Время создания строки',
  `updated_at` datetime DEFAULT CURRENT_TIMESTAMP ON UPDATE CURRENT_TIMESTAMP COMMENT 'Время обновления строки',
  PRIMARY KEY (`id`),
  UNIQUE KEY `name` (`name`)
) ENGINE=InnoDB AUTO_INCREMENT=101 DEFAULT CHARSET=utf8 COLLATE=utf8_unicode_ci COMMENT='Группы';
/*!40101 SET character_set_client = @saved_cs_client */;

--
-- Dumping data for table `communities`
--

LOCK TABLES `communities` WRITE;
/*!40000 ALTER TABLE `communities` DISABLE KEYS */;
INSERT INTO `communities` VALUES (1,'laudantium','1996-10-28 10:32:36','2020-10-25 12:32:50'),(2,'recusandae','2000-05-17 02:57:29','2020-10-25 12:32:50'),(3,'blanditiis','1994-08-26 03:07:49','2020-10-25 12:32:50'),(4,'sed','2013-02-12 11:38:07','2020-10-25 12:32:50'),(5,'et','1987-12-20 20:56:55','2020-10-25 12:32:50'),(6,'ea','2015-03-04 22:23:48','2020-10-25 12:32:50'),(7,'non','1972-01-31 21:04:32','2006-03-17 14:30:33'),(8,'placeat','2007-03-12 20:52:37','2020-10-25 12:32:50'),(9,'nihil','2004-01-16 03:31:52','2004-10-04 20:24:51'),(10,'iste','2001-11-09 00:27:06','2020-10-25 12:32:50'),(11,'expedita','1998-03-31 16:47:32','2020-10-25 12:32:50'),(12,'porro','1980-09-12 07:04:39','2018-10-16 19:09:02'),(13,'voluptates','1993-07-23 08:08:57','2013-09-28 07:25:46'),(14,'sint','1995-07-02 12:19:31','2001-01-26 18:14:18'),(15,'ut','1979-05-18 13:36:12','2012-09-29 22:15:47'),(16,'deserunt','2011-10-29 18:41:36','2020-10-25 12:32:50'),(17,'aut','1986-11-08 02:09:42','2012-06-14 11:49:44'),(18,'facilis','1975-06-28 06:48:25','2016-05-12 11:32:31'),(19,'fugiat','1991-04-24 15:03:10','1992-09-05 08:01:06'),(20,'enim','1988-09-08 15:11:02','2020-10-25 12:32:50');
/*!40000 ALTER TABLE `communities` ENABLE KEYS */;
UNLOCK TABLES;

--
-- Table structure for table `communities_users`
--

DROP TABLE IF EXISTS `communities_users`;
/*!40101 SET @saved_cs_client     = @@character_set_client */;
/*!50503 SET character_set_client = utf8mb4 */;
CREATE TABLE `communities_users` (
  `community_id` int unsigned NOT NULL COMMENT 'Ссылка на группу',
  `user_id` int unsigned NOT NULL COMMENT 'Ссылка на пользователя',
  `created_at` datetime DEFAULT CURRENT_TIMESTAMP COMMENT 'Время создания строки',
  PRIMARY KEY (`community_id`,`user_id`) COMMENT 'Составной первичный ключ'
) ENGINE=InnoDB DEFAULT CHARSET=utf8 COLLATE=utf8_unicode_ci COMMENT='Участники групп, связь между пользователями и группами';
/*!40101 SET character_set_client = @saved_cs_client */;

--
-- Dumping data for table `communities_users`
--

LOCK TABLES `communities_users` WRITE;
/*!40000 ALTER TABLE `communities_users` DISABLE KEYS */;
INSERT INTO `communities_users` VALUES (1,3,'1979-01-26 14:46:41'),(1,24,'2000-05-04 06:08:52'),(1,43,'1996-09-12 14:55:50'),(1,90,'1975-06-28 16:56:30'),(1,96,'1986-09-04 03:51:49'),(2,11,'2006-09-05 01:10:37'),(2,18,'2013-12-02 15:54:21'),(2,20,'1977-07-26 01:42:40'),(2,54,'1973-07-17 14:57:45'),(2,75,'2017-02-08 21:58:08'),(2,86,'1997-02-04 21:31:09'),(2,93,'1989-05-15 07:47:45'),(3,29,'1978-08-09 06:27:51'),(3,37,'2013-07-22 14:06:41'),(3,38,'2012-10-13 06:54:04'),(3,62,'1976-07-18 11:18:34'),(4,39,'1970-12-26 15:46:18'),(4,52,'2001-05-20 15:18:10'),(4,61,'1975-12-03 13:04:56'),(4,63,'2001-05-13 05:42:47'),(4,80,'2001-10-17 12:50:04'),(4,83,'1983-03-09 11:22:12'),(4,94,'1997-06-22 05:02:36'),(5,16,'2013-07-05 15:16:50'),(5,26,'1971-01-25 05:51:19'),(5,42,'1975-09-15 17:43:44'),(5,60,'1995-07-30 17:48:58'),(5,87,'2011-01-10 18:10:09'),(6,19,'2004-03-29 22:24:55'),(6,44,'2019-04-28 07:31:05'),(7,17,'1971-11-09 20:34:12'),(7,45,'2007-02-04 13:38:19'),(7,66,'2012-02-12 19:16:08'),(7,74,'2009-10-19 12:18:33'),(7,91,'2004-09-26 22:13:19'),(8,30,'1987-04-27 21:52:00'),(8,68,'1988-09-28 20:15:13'),(8,70,'2003-12-10 15:38:04'),(8,71,'2011-02-28 04:09:32'),(8,92,'2005-10-09 01:42:18'),(9,4,'1998-02-22 18:18:03'),(9,13,'2016-12-13 06:05:20'),(9,28,'2008-07-13 11:46:57'),(9,41,'2005-04-24 02:49:31'),(9,64,'1971-03-31 07:59:25'),(9,76,'1972-06-06 21:09:08'),(9,85,'1970-04-19 04:59:40'),(9,99,'2013-07-19 19:03:27'),(10,67,'2018-01-31 07:08:08'),(10,73,'2002-06-03 02:19:32'),(11,12,'1979-09-07 03:22:24'),(11,36,'1972-08-25 18:09:48'),(11,47,'1983-03-28 06:08:27'),(11,69,'1973-06-17 15:09:37'),(12,7,'1974-05-09 21:43:58'),(12,9,'2009-10-22 14:03:02'),(12,14,'1983-09-18 00:32:09'),(12,15,'1983-07-22 09:49:14'),(12,34,'1999-10-03 07:06:32'),(12,40,'1985-11-24 10:12:57'),(12,55,'1975-07-16 22:57:28'),(12,100,'1981-05-05 03:39:06'),(13,21,'2007-10-12 15:40:01'),(13,27,'2010-03-06 19:25:40'),(13,31,'2004-12-08 05:40:21'),(13,49,'1974-05-05 04:59:45'),(13,81,'1983-03-17 09:40:53'),(13,82,'1990-06-06 03:37:15'),(14,8,'1976-01-02 18:05:26'),(14,33,'1999-08-23 07:53:51'),(14,51,'2001-03-23 08:41:09'),(15,6,'2016-11-08 00:14:31'),(15,50,'1981-09-21 12:16:35'),(15,56,'1998-07-24 12:14:52'),(15,65,'2005-09-28 15:50:34'),(15,72,'1974-10-16 22:36:06'),(15,79,'1988-02-22 19:48:55'),(15,95,'1998-08-19 11:32:53'),(16,23,'2001-04-27 22:43:56'),(17,35,'1986-09-17 20:44:37'),(17,48,'1987-10-21 10:46:01'),(17,57,'2009-10-14 23:32:44'),(17,77,'1975-06-21 08:42:24'),(17,78,'1989-04-21 00:30:22'),(18,1,'1994-09-29 21:09:47'),(18,25,'1970-04-29 05:16:52'),(18,58,'2016-05-07 04:24:47'),(18,98,'1972-10-13 19:03:18'),(19,2,'1970-08-14 17:45:54'),(19,22,'1977-07-26 08:24:41'),(19,32,'1993-03-16 05:44:29'),(19,46,'2003-11-11 09:47:37'),(19,53,'2019-09-20 01:08:36'),(19,88,'1996-07-22 02:38:47'),(20,5,'1987-12-12 10:45:51'),(20,10,'2001-05-30 18:50:14'),(20,59,'1983-09-12 11:19:58'),(20,84,'2018-08-20 12:10:40'),(20,89,'1986-01-18 08:54:23'),(20,97,'2019-12-05 03:32:27');
/*!40000 ALTER TABLE `communities_users` ENABLE KEYS */;
UNLOCK TABLES;

--
-- Table structure for table `countries`
--

DROP TABLE IF EXISTS `countries`;
/*!40101 SET @saved_cs_client     = @@character_set_client */;
/*!50503 SET character_set_client = utf8mb4 */;
CREATE TABLE `countries` (
  `id` int unsigned NOT NULL AUTO_INCREMENT COMMENT 'Идентификатор строки',
  `name` varchar(50) NOT NULL COMMENT 'Название страны',
  `created_at` datetime DEFAULT CURRENT_TIMESTAMP COMMENT 'Время создания строки',
  `updated_at` datetime DEFAULT CURRENT_TIMESTAMP ON UPDATE CURRENT_TIMESTAMP COMMENT 'Время обновления строки',
  PRIMARY KEY (`id`),
  UNIQUE KEY `name` (`name`)
) ENGINE=InnoDB AUTO_INCREMENT=128 DEFAULT CHARSET=utf8mb4 COLLATE=utf8mb4_0900_ai_ci COMMENT='Список стран';
/*!40101 SET character_set_client = @saved_cs_client */;

--
-- Dumping data for table `countries`
--

LOCK TABLES `countries` WRITE;
/*!40000 ALTER TABLE `countries` DISABLE KEYS */;
INSERT INTO `countries` VALUES (1,'Burundi','2020-10-25 01:14:33','2020-10-25 01:14:33'),(2,'Croatia','2020-10-25 01:14:33','2020-10-25 01:14:33'),(3,'Morocco','2020-10-25 01:14:33','2020-10-25 01:14:33'),(4,'Andorra','2020-10-25 01:14:33','2020-10-25 01:14:33'),(5,'Bhutan','2020-10-25 01:14:33','2020-10-25 01:14:33'),(6,'Suriname','2020-10-25 01:14:33','2020-10-25 01:14:33'),(7,'United Arab Emirates','2020-10-25 01:14:33','2020-10-25 01:14:33'),(8,'India','2020-10-25 01:14:33','2020-10-25 01:14:33'),(9,'Spain','2020-10-25 01:14:33','2020-10-25 01:14:33'),(10,'Aruba','2020-10-25 01:14:33','2020-10-25 01:14:33'),(11,'Seychelles','2020-10-25 01:14:33','2020-10-25 01:14:33'),(12,'Ecuador','2020-10-25 01:14:33','2020-10-25 01:14:33'),(13,'Kazakhstan','2020-10-25 01:14:33','2020-10-25 01:14:33'),(14,'Madagascar','2020-10-25 01:14:33','2020-10-25 01:14:33'),(15,'Korea','2020-10-25 01:14:33','2020-10-25 01:14:33'),(16,'Turkey','2020-10-25 01:14:33','2020-10-25 01:14:33'),(17,'San Marino','2020-10-25 01:14:33','2020-10-25 01:14:33'),(18,'Mayotte','2020-10-25 01:14:33','2020-10-25 01:14:33'),(19,'United States Virgin Islands','2020-10-25 01:14:33','2020-10-25 01:14:33'),(20,'Trinidad and Tobago','2020-10-25 01:14:33','2020-10-25 01:14:33'),(21,'Zambia','2020-10-25 01:14:33','2020-10-25 01:14:33'),(22,'Svalbard & Jan Mayen Islands','2020-10-25 01:14:33','2020-10-25 01:14:33'),(23,'Yemen','2020-10-25 01:14:33','2020-10-25 01:14:33'),(24,'Libyan Arab Jamahiriya','2020-10-25 01:14:33','2020-10-25 01:14:33'),(25,'China','2020-10-25 01:14:33','2020-10-25 01:14:33'),(26,'Ethiopia','2020-10-25 01:14:33','2020-10-25 01:14:33'),(27,'Gambia','2020-10-25 01:14:33','2020-10-25 01:14:33'),(28,'Liberia','2020-10-25 01:14:33','2020-10-25 01:14:33'),(29,'Nigeria','2020-10-25 01:14:33','2020-10-25 01:14:33'),(30,'Cyprus','2020-10-25 01:14:33','2020-10-25 01:14:33'),(31,'Bolivia','2020-10-25 01:14:33','2020-10-25 01:14:33'),(32,'Guernsey','2020-10-25 01:14:33','2020-10-25 01:14:33'),(33,'British Virgin Islands','2020-10-25 01:14:33','2020-10-25 01:14:33'),(34,'Equatorial Guinea','2020-10-25 01:14:33','2020-10-25 01:14:33'),(35,'Egypt','2020-10-25 01:14:33','2020-10-25 01:14:33'),(36,'United Kingdom','2020-10-25 01:14:33','2020-10-25 01:14:33'),(37,'Dominican Republic','2020-10-25 01:14:33','2020-10-25 01:14:33'),(38,'Macao','2020-10-25 01:14:33','2020-10-25 01:14:33'),(39,'Saudi Arabia','2020-10-25 01:14:33','2020-10-25 01:14:33'),(40,'El Salvador','2020-10-25 01:14:33','2020-10-25 01:14:33'),(41,'Oman','2020-10-25 01:14:33','2020-10-25 01:14:33'),(42,'Israel','2020-10-25 01:14:33','2020-10-25 01:14:33'),(43,'Faroe Islands','2020-10-25 01:14:33','2020-10-25 01:14:33'),(44,'Jordan','2020-10-25 01:14:33','2020-10-25 01:14:33'),(45,'Mexico','2020-10-25 01:14:33','2020-10-25 01:14:33'),(46,'Brunei Darussalam','2020-10-25 01:14:33','2020-10-25 01:14:33'),(47,'Norway','2020-10-25 01:14:33','2020-10-25 01:14:33'),(48,'Poland','2020-10-25 01:14:33','2020-10-25 01:14:33'),(49,'Uruguay','2020-10-25 01:14:33','2020-10-25 01:14:33'),(50,'Brazil','2020-10-25 01:14:33','2020-10-25 01:14:33'),(51,'Serbia','2020-10-25 01:14:33','2020-10-25 01:14:33'),(52,'Isle of Man','2020-10-25 01:14:33','2020-10-25 01:14:33'),(53,'Afghanistan','2020-10-25 01:14:33','2020-10-25 01:14:33'),(54,'Saint Lucia','2020-10-25 01:14:33','2020-10-25 01:14:33'),(55,'Sao Tome and Principe','2020-10-25 01:14:33','2020-10-25 01:14:33'),(56,'Comoros','2020-10-25 01:14:33','2020-10-25 01:14:33'),(57,'Mongolia','2020-10-25 01:14:33','2020-10-25 01:14:33'),(58,'Somalia','2020-10-25 01:14:33','2020-10-25 01:14:33'),(59,'Puerto Rico','2020-10-25 01:14:33','2020-10-25 01:14:33'),(60,'Nepal','2020-10-25 01:14:33','2020-10-25 01:14:33'),(61,'Thailand','2020-10-25 01:14:33','2020-10-25 01:14:33'),(62,'New Caledonia','2020-10-25 01:14:33','2020-10-25 01:14:33'),(63,'Cambodia','2020-10-25 01:14:33','2020-10-25 01:14:33'),(64,'Russian Federation','2020-10-25 01:14:33','2020-10-25 01:14:33'),(65,'Bermuda','2020-10-25 01:14:33','2020-10-25 01:14:33'),(66,'Ghana','2020-10-25 01:14:33','2020-10-25 01:14:33'),(67,'Syrian Arab Republic','2020-10-25 01:14:33','2020-10-25 01:14:33'),(68,'Wallis and Futuna','2020-10-25 01:14:33','2020-10-25 01:14:33'),(69,'Macedonia','2020-10-25 01:14:33','2020-10-25 01:14:33'),(70,'Reunion','2020-10-25 01:14:33','2020-10-25 01:14:33'),(71,'Holy See (Vatican City State)','2020-10-25 01:14:33','2020-10-25 01:14:33'),(72,'Iceland','2020-10-25 01:14:33','2020-10-25 01:14:33'),(73,'Malawi','2020-10-25 01:14:33','2020-10-25 01:14:33'),(74,'Fiji','2020-10-25 01:14:33','2020-10-25 01:14:33'),(75,'Djibouti','2020-10-25 01:14:33','2020-10-25 01:14:33'),(76,'Mali','2020-10-25 01:14:33','2020-10-25 01:14:33'),(77,'Senegal','2020-10-25 01:14:33','2020-10-25 01:14:33'),(78,'Saint Barthelemy','2020-10-25 01:14:33','2020-10-25 01:14:33'),(79,'Lebanon','2020-10-25 01:14:33','2020-10-25 01:14:33'),(80,'Indonesia','2020-10-25 01:14:33','2020-10-25 01:14:33'),(81,'Gabon','2020-10-25 01:14:33','2020-10-25 01:14:33'),(82,'Tanzania','2020-10-25 01:14:33','2020-10-25 01:14:33'),(83,'Germany','2020-10-25 01:14:33','2020-10-25 01:14:33');
/*!40000 ALTER TABLE `countries` ENABLE KEYS */;
UNLOCK TABLES;

--
-- Table structure for table `friendship_statuses`
--

DROP TABLE IF EXISTS `friendship_statuses`;
/*!40101 SET @saved_cs_client     = @@character_set_client */;
/*!50503 SET character_set_client = utf8mb4 */;
CREATE TABLE `friendship_statuses` (
  `id` int unsigned NOT NULL AUTO_INCREMENT COMMENT 'Идентификатор строки',
  `name` varchar(150) CHARACTER SET utf8 COLLATE utf8_unicode_ci NOT NULL COMMENT 'Название статуса',
  `created_at` datetime DEFAULT CURRENT_TIMESTAMP COMMENT 'Время создания строки',
  `updated_at` datetime DEFAULT CURRENT_TIMESTAMP ON UPDATE CURRENT_TIMESTAMP COMMENT 'Время обновления строки',
  PRIMARY KEY (`id`),
  UNIQUE KEY `name` (`name`)
) ENGINE=InnoDB AUTO_INCREMENT=4 DEFAULT CHARSET=utf8 COLLATE=utf8_unicode_ci COMMENT='Статусы дружбы';
/*!40101 SET character_set_client = @saved_cs_client */;

--
-- Dumping data for table `friendship_statuses`
--

LOCK TABLES `friendship_statuses` WRITE;
/*!40000 ALTER TABLE `friendship_statuses` DISABLE KEYS */;
INSERT INTO `friendship_statuses` VALUES (1,'requested','2020-10-25 12:27:57','2020-10-25 12:27:57'),(2,'confirmed','2020-10-25 12:27:57','2020-10-25 12:27:57'),(3,'rejected','2020-10-25 12:27:57','2020-10-25 12:27:57');
/*!40000 ALTER TABLE `friendship_statuses` ENABLE KEYS */;
UNLOCK TABLES;

--
-- Table structure for table `friendships`
--

DROP TABLE IF EXISTS `friendships`;
/*!40101 SET @saved_cs_client     = @@character_set_client */;
/*!50503 SET character_set_client = utf8mb4 */;
CREATE TABLE `friendships` (
  `user_id` int unsigned NOT NULL COMMENT 'Ссылка на инициатора дружеских отношений',
  `friend_id` int unsigned NOT NULL COMMENT 'Ссылка на получателя приглашения дружить',
  `status_id` int unsigned NOT NULL COMMENT 'Ссылка на статус (текущее состояние) отношений',
  `confirmed_at` datetime DEFAULT NULL COMMENT 'Время подтверждения приглашения',
  `created_at` datetime DEFAULT CURRENT_TIMESTAMP COMMENT 'Время создания строки',
  `updated_at` datetime DEFAULT CURRENT_TIMESTAMP ON UPDATE CURRENT_TIMESTAMP COMMENT 'Время обновления строки',
  PRIMARY KEY (`user_id`,`friend_id`) COMMENT 'Составной первичный ключ'
) ENGINE=InnoDB DEFAULT CHARSET=utf8 COLLATE=utf8_unicode_ci COMMENT='Таблица дружбы';
/*!40101 SET character_set_client = @saved_cs_client */;

--
-- Dumping data for table `friendships`
--

LOCK TABLES `friendships` WRITE;
/*!40000 ALTER TABLE `friendships` DISABLE KEYS */;
INSERT INTO `friendships` VALUES (1,97,1,'2020-10-25 12:29:55','1996-08-27 21:53:22','2020-10-25 12:29:55'),(2,72,3,'2016-02-23 06:44:26','1997-10-24 17:11:08','2020-10-25 12:23:18'),(3,5,1,'2004-04-16 03:38:20','1984-04-20 00:46:19','2020-10-25 12:23:18'),(3,14,3,'1982-05-02 07:48:44','1975-11-17 23:58:17','2020-10-25 12:23:18'),(5,17,2,'2020-10-25 12:29:55','2002-03-29 11:20:31','2020-10-25 12:29:55'),(6,26,3,'2020-10-25 12:29:55','2002-04-06 17:10:10','2020-10-25 12:29:55'),(6,80,2,'2020-10-25 12:29:55','2010-07-16 13:02:28','2020-10-25 12:29:55'),(6,98,1,'1993-06-27 20:33:46','1991-12-14 11:03:56','2020-10-25 12:23:18'),(8,2,2,'2020-10-25 12:29:55','2005-11-17 11:55:23','2020-10-25 12:29:55'),(8,47,1,'2020-10-25 12:29:55','2006-07-17 13:59:35','2020-10-25 12:29:55'),(9,31,2,'2020-10-25 12:29:55','2004-05-28 09:18:44','2020-10-25 12:29:55'),(10,73,1,'2001-05-25 01:35:57','1970-08-31 08:45:18','2020-10-25 12:23:18'),(12,44,3,'2008-11-25 06:41:57','2003-01-31 08:00:07','2020-10-25 12:23:18'),(13,22,2,'1990-11-23 12:29:53','1979-07-05 08:08:04','2020-10-25 12:23:18'),(14,77,1,'1996-04-29 03:27:18','1995-08-08 18:18:34','2020-10-25 12:23:18'),(15,59,2,'2020-10-25 12:29:55','1983-08-01 10:53:27','2020-10-25 12:29:55'),(15,66,1,'1985-05-10 12:18:28','1977-10-16 03:30:05','2020-10-25 12:23:18'),(16,98,3,'2010-12-08 00:20:25','1976-08-24 21:58:11','2020-10-25 12:23:18'),(17,47,1,'2020-10-25 12:29:55','2014-05-13 22:48:48','2020-10-25 12:29:55'),(17,66,2,'2015-03-10 02:37:38','1977-07-06 04:29:12','2020-10-25 12:23:18'),(18,95,2,'2005-09-14 17:51:18','1981-11-01 17:10:16','2020-10-25 12:23:18'),(21,32,3,'2020-10-25 12:29:55','1972-08-25 02:12:38','2020-10-25 12:29:55'),(21,33,2,'2020-10-25 12:29:55','2019-09-16 16:02:41','2020-10-25 12:29:55'),(21,65,3,'2020-10-25 12:29:55','1996-09-04 10:30:29','2020-10-25 12:29:55'),(22,25,3,'2020-10-25 12:29:55','2006-10-27 01:47:31','2020-10-25 12:29:55'),(22,85,2,'2020-10-25 12:29:55','2018-04-27 14:59:41','2020-10-25 12:29:55'),(23,31,1,'1997-05-30 18:50:07','1971-01-11 01:01:16','2020-10-25 12:23:18'),(23,87,2,'2008-10-25 23:32:15','1986-03-14 13:15:16','2020-10-25 12:23:18'),(26,38,1,'2015-07-21 18:10:23','2009-08-21 23:11:39','2020-10-25 12:23:18'),(29,9,2,'2003-02-22 05:26:26','1980-01-17 05:19:47','2020-10-25 12:23:18'),(29,50,3,'2020-10-25 12:29:55','2000-03-05 00:43:59','2020-10-25 12:29:55'),(29,93,1,'2002-01-18 04:54:05','1973-11-03 08:36:38','2020-10-25 12:23:18'),(31,15,3,'2020-10-25 12:29:55','2004-09-23 01:08:00','2020-10-25 12:29:55'),(33,14,3,'2020-10-25 12:29:55','1997-01-30 21:40:11','2020-10-25 12:29:55'),(33,46,2,'2020-10-25 12:29:55','2020-09-02 08:43:07','2020-10-25 12:29:55'),(36,64,3,'1977-08-15 18:53:18','1977-08-03 22:33:19','2020-10-25 12:23:18'),(38,52,1,'2013-06-15 17:34:45','1980-12-03 20:04:37','2020-10-25 12:23:18'),(40,50,3,'2014-06-28 05:05:20','2011-08-10 07:15:15','2020-10-25 12:23:18'),(41,9,1,'2010-05-28 00:13:51','1995-10-30 22:00:10','2020-10-25 12:23:18'),(41,82,1,'1987-02-20 04:43:11','1984-10-06 01:53:06','2020-10-25 12:23:18'),(42,41,1,'1990-04-17 03:46:44','1977-08-18 02:04:19','2020-10-25 12:23:18'),(43,83,3,'2020-10-25 12:29:55','1974-09-16 14:10:42','2020-10-25 12:29:55'),(43,86,2,'2020-10-25 12:29:55','1999-01-19 14:55:58','2020-10-25 12:29:55'),(44,26,1,'2008-09-27 19:05:40','2004-01-22 08:34:16','2020-10-25 12:23:18'),(46,27,2,'2020-10-25 12:29:55','1992-12-03 02:30:57','2020-10-25 12:29:55'),(46,69,1,'2014-09-14 21:37:25','1987-11-11 10:46:15','2020-10-25 12:23:18'),(47,18,2,'1992-04-19 08:24:21','1979-02-08 02:02:25','2020-10-25 12:23:18'),(47,77,2,'1995-01-18 22:35:09','1994-04-09 10:48:59','2020-10-25 12:23:18'),(47,81,3,'2020-10-25 12:29:55','1986-02-11 02:14:45','2020-10-25 12:29:55'),(49,41,1,'2007-02-25 00:00:50','2005-08-10 15:43:39','2020-10-25 12:23:18'),(49,66,1,'2020-02-17 23:51:37','2015-08-10 19:43:11','2020-10-25 12:23:18'),(50,13,3,'2009-11-22 15:51:35','2009-10-13 19:09:38','2020-10-25 12:23:18'),(51,78,3,'2020-10-25 12:29:55','1989-09-28 06:08:04','2020-10-25 12:29:55'),(53,87,3,'2020-10-25 12:29:55','2002-06-11 02:16:54','2020-10-25 12:29:55'),(55,57,1,'2015-06-15 11:49:12','1990-03-30 19:33:53','2020-10-25 12:23:18'),(56,58,2,'2020-10-25 12:29:55','2014-04-21 11:26:16','2020-10-25 12:29:55'),(57,9,1,'2020-10-25 12:29:55','1994-03-26 04:17:01','2020-10-25 12:29:55'),(57,23,3,'2002-09-21 06:48:37','1975-09-28 06:17:58','2020-10-25 12:23:18'),(58,35,3,'1988-01-30 03:12:12','1985-02-07 04:07:22','2020-10-25 12:23:18'),(59,64,3,'2020-10-25 12:29:55','1987-09-04 05:13:47','2020-10-25 12:29:55'),(59,87,2,'2020-10-25 12:29:55','2019-07-17 23:52:23','2020-10-25 12:29:55'),(60,6,1,'2020-10-25 12:29:55','2011-05-06 22:16:55','2020-10-25 12:29:55'),(63,70,1,'2020-10-25 12:29:55','2010-09-16 17:17:29','2020-10-25 12:29:55'),(64,68,1,'2020-10-25 12:29:55','1997-04-09 14:21:23','2020-10-25 12:29:55'),(64,74,1,'2020-10-25 12:29:55','1979-01-23 01:35:42','2020-10-25 12:29:55'),(65,64,3,'2019-09-29 04:46:30','1995-08-13 21:00:08','2020-10-25 12:23:18'),(66,46,1,'2020-10-25 12:29:55','1989-02-19 01:28:11','2020-10-25 12:29:55'),(68,40,1,'2020-10-25 12:29:55','2007-05-14 01:57:35','2020-10-25 12:29:55'),(70,56,2,'2000-07-19 01:00:40','1981-11-15 12:59:54','2020-10-25 12:23:18'),(70,80,3,'2013-01-19 10:25:32','1990-11-30 21:06:55','2020-10-25 12:23:18'),(71,3,3,'1984-04-24 15:00:31','1971-09-06 01:20:09','2020-10-25 12:23:18'),(72,6,2,'1983-11-06 20:21:16','1973-08-02 03:53:48','2020-10-25 12:23:18'),(72,18,1,'2010-07-16 16:41:25','1977-11-27 21:18:07','2020-10-25 12:23:18'),(72,93,3,'1976-08-14 10:32:12','1972-09-07 04:07:09','2020-10-25 12:23:18'),(75,45,2,'2000-10-25 05:09:32','1999-06-18 10:36:54','2020-10-25 12:23:18'),(77,6,2,'1994-09-04 06:19:33','1983-08-24 14:14:10','2020-10-25 12:23:18'),(78,68,2,'2020-10-25 12:29:55','1998-01-24 12:21:44','2020-10-25 12:29:55'),(79,31,1,'2020-10-25 12:29:55','1978-02-18 13:48:22','2020-10-25 12:29:55'),(80,58,2,'2009-01-05 08:13:23','1970-06-28 21:05:28','2020-10-25 12:23:18'),(80,61,3,'2020-10-25 12:29:55','2013-11-19 06:35:15','2020-10-25 12:29:55'),(80,71,1,'2020-10-25 12:29:55','1995-11-26 14:52:55','2020-10-25 12:29:55'),(80,78,2,'2007-04-04 17:30:12','1993-01-12 13:02:20','2020-10-25 12:23:18'),(82,11,3,'2020-10-25 12:29:55','1992-01-04 08:08:28','2020-10-25 12:29:55'),(82,17,2,'1972-01-15 16:14:48','1970-11-21 03:14:47','2020-10-25 12:23:18'),(83,14,2,'2020-10-25 12:29:55','1998-08-13 13:23:02','2020-10-25 12:29:55'),(83,16,2,'2011-08-09 12:39:43','1971-04-15 06:46:43','2020-10-25 12:23:18'),(83,67,1,'1998-12-05 20:01:43','1985-06-15 03:36:10','2020-10-25 12:23:18'),(85,20,3,'2020-10-25 12:29:55','2002-01-04 19:04:46','2020-10-25 12:29:55'),(85,75,1,'2005-01-19 03:28:27','1988-03-21 15:28:32','2020-10-25 12:23:18'),(87,32,2,'2006-08-22 09:46:31','2004-11-05 20:21:15','2020-10-25 12:23:18'),(87,39,2,'2020-10-25 12:29:55','2013-09-20 21:58:22','2020-10-25 12:29:55'),(90,97,3,'2020-10-25 12:29:55','1974-04-19 00:50:24','2020-10-25 12:29:55'),(91,16,1,'1979-02-03 11:01:09','1978-05-16 16:08:25','2020-10-25 12:23:18'),(95,79,1,'2013-02-10 01:37:16','1982-08-08 08:50:42','2020-10-25 12:23:18'),(96,61,2,'2006-02-02 05:35:31','1980-06-03 17:31:25','2020-10-25 12:23:18'),(97,68,3,'2008-09-19 21:04:21','1996-09-09 22:33:19','2020-10-25 12:23:18'),(98,7,3,'2020-10-25 12:29:55','2009-11-08 15:04:22','2020-10-25 12:29:55'),(98,32,3,'2020-10-25 12:29:55','1996-12-22 01:38:44','2020-10-25 12:29:55'),(99,18,2,'1994-06-08 01:00:43','1976-02-19 08:40:08','2020-10-25 12:23:18'),(100,3,3,'2020-10-25 12:29:55','2005-03-07 23:45:54','2020-10-25 12:29:55');
/*!40000 ALTER TABLE `friendships` ENABLE KEYS */;
UNLOCK TABLES;

--
-- Table structure for table `genders`
--

DROP TABLE IF EXISTS `genders`;
/*!40101 SET @saved_cs_client     = @@character_set_client */;
/*!50503 SET character_set_client = utf8mb4 */;
CREATE TABLE `genders` (
  `id` int unsigned NOT NULL AUTO_INCREMENT COMMENT 'Идентификатор строки',
  `name` varchar(50) NOT NULL COMMENT 'Название пола',
  `created_at` datetime DEFAULT CURRENT_TIMESTAMP COMMENT 'Время создания строки',
  `updated_at` datetime DEFAULT CURRENT_TIMESTAMP COMMENT 'Время обновления строки',
  PRIMARY KEY (`id`),
  UNIQUE KEY `name` (`name`)
) ENGINE=InnoDB AUTO_INCREMENT=5 DEFAULT CHARSET=utf8mb4 COLLATE=utf8mb4_0900_ai_ci COMMENT='Список гендеров';
/*!40101 SET character_set_client = @saved_cs_client */;

--
-- Dumping data for table `genders`
--

LOCK TABLES `genders` WRITE;
/*!40000 ALTER TABLE `genders` DISABLE KEYS */;
INSERT INTO `genders` VALUES (1,'woman','2020-10-25 00:57:38','2020-10-25 00:57:38'),(2,'man','2020-10-25 00:57:38','2020-10-25 00:57:38'),(3,'unknown','2020-10-25 00:57:38','2020-10-25 00:57:38'),(4,'not a binary personality','2020-10-25 00:57:38','2020-10-25 00:57:38');
/*!40000 ALTER TABLE `genders` ENABLE KEYS */;
UNLOCK TABLES;

--
-- Table structure for table `media`
--

DROP TABLE IF EXISTS `media`;
/*!40101 SET @saved_cs_client     = @@character_set_client */;
/*!50503 SET character_set_client = utf8mb4 */;
CREATE TABLE `media` (
  `id` int unsigned NOT NULL AUTO_INCREMENT COMMENT 'Идентификатор строки',
  `user_id` int unsigned NOT NULL COMMENT 'Ссылка на пользователя, который загрузил файл',
  `filename` varchar(255) CHARACTER SET utf8 COLLATE utf8_unicode_ci NOT NULL COMMENT 'Путь к файлу',
  `size` int NOT NULL COMMENT 'Размер файла',
  `metadata` json DEFAULT NULL COMMENT 'Метаданные файла',
  `media_type_id` int unsigned NOT NULL COMMENT 'Ссылка на тип контента',
  `created_at` datetime DEFAULT CURRENT_TIMESTAMP COMMENT 'Время создания строки',
  `updated_at` datetime DEFAULT CURRENT_TIMESTAMP ON UPDATE CURRENT_TIMESTAMP COMMENT 'Время обновления строки',
  PRIMARY KEY (`id`),
  CONSTRAINT `media_chk_1` CHECK (json_valid(`metadata`))
) ENGINE=InnoDB AUTO_INCREMENT=101 DEFAULT CHARSET=utf8 COLLATE=utf8_unicode_ci COMMENT='Медиафайлы';
/*!40101 SET character_set_client = @saved_cs_client */;

--
-- Dumping data for table `media`
--

LOCK TABLES `media` WRITE;
/*!40000 ALTER TABLE `media` DISABLE KEYS */;
INSERT INTO `media` VALUES (1,30,'https://dropbox.net/vk/Bartell.mpeg4',3612,'{\"owner\": \"Terence Kemmer\"}',2,'2009-08-22 02:04:35','2020-10-25 12:16:50'),(2,15,'https://dropbox.net/vk/Oberbrunner.png',3559,'{\"owner\": \"Landen Mante\"}',2,'1983-09-09 21:14:18','2020-10-25 11:16:54'),(3,85,'https://dropbox.net/vk/Hegmann.jpeg',3995,'{\"owner\": \"Grady Wolff\"}',2,'2019-12-08 09:56:57','2020-10-25 12:16:50'),(4,81,'https://dropbox.net/vk/Stokes.mpeg4',2867,'{\"owner\": \"Gonzalo Kassulke\"}',3,'2002-10-12 11:09:10','2020-10-25 12:16:50'),(5,47,'https://dropbox.net/vk/Swaniawski.mpeg4',3373,'{\"owner\": \"Jayde Moen\"}',3,'1984-10-18 06:01:31','2020-10-25 12:16:50'),(6,92,'https://dropbox.net/vk/Hermann.png',1342,'{\"owner\": \"Fritz Murphy\"}',2,'1998-11-22 11:03:42','2020-10-25 12:16:50'),(7,20,'https://dropbox.net/vk/Dach.mp3',1164,'{\"owner\": \"Willie Bartell\"}',1,'2015-11-24 14:41:19','2020-10-25 12:16:50'),(8,23,'https://dropbox.net/vk/Gutkowski.mpeg4',2662,'{\"owner\": \"Bobbie Spinka\"}',1,'2018-05-04 09:46:29','2020-10-25 12:16:50'),(9,53,'https://dropbox.net/vk/Howell.mp3',2447,'{\"owner\": \"Anabel Skiles\"}',1,'1980-05-31 11:22:10','2020-10-25 12:16:50'),(10,98,'https://dropbox.net/vk/Kirlin.mp3',3634,'{\"owner\": \"Clay Abbott\"}',2,'2016-12-18 11:04:50','2020-10-25 12:16:50'),(11,29,'https://dropbox.net/vk/Spinka.mp3',3748,'{\"owner\": \"Tara Kuphal\"}',3,'2019-04-01 16:53:40','2020-10-25 12:16:50'),(12,51,'https://dropbox.net/vk/Kuphal.mp3',2472,'{\"owner\": \"Bell Rosenbaum\"}',1,'2000-07-06 00:39:07','2020-10-25 12:16:50'),(13,69,'https://dropbox.net/vk/Spinka.mpeg4',1106,'{\"owner\": \"Vince Lowe\"}',2,'2012-06-17 15:48:33','2020-10-25 12:16:50'),(14,89,'https://dropbox.net/vk/Moore.mp3',2484,'{\"owner\": \"Cathryn Bednar\"}',1,'2004-03-04 16:52:07','2020-10-25 12:16:50'),(15,37,'https://dropbox.net/vk/Heidenreich.mp3',1215,'{\"owner\": \"Mavis Carroll\"}',1,'1987-06-01 21:38:34','2020-10-25 12:16:50'),(16,20,'https://dropbox.net/vk/Moore.mpeg4',2209,'{\"owner\": \"Willie Bartell\"}',1,'1988-08-26 08:28:12','2020-10-25 11:16:54'),(17,87,'https://dropbox.net/vk/Osinski.mpeg4',2499,'{\"owner\": \"Demetrius Kling\"}',2,'2014-10-08 16:58:41','2020-10-25 11:16:54'),(18,74,'https://dropbox.net/vk/O\'Reilly.mpeg4',1897,'{\"owner\": \"Tara Schultz\"}',3,'2002-09-25 10:52:15','2020-10-25 11:16:54'),(19,8,'https://dropbox.net/vk/Quigley.mp3',2259,'{\"owner\": \"Alessandro Buckridge\"}',1,'1982-06-30 16:33:50','2020-10-25 12:16:50'),(20,17,'https://dropbox.net/vk/Bartell.png',1243,'{\"owner\": \"Shana Schneider\"}',2,'1978-01-13 22:31:18','2020-10-25 12:16:50'),(21,61,'https://dropbox.net/vk/Kemmer.mp3',2871,'{\"owner\": \"Mary Walker\"}',1,'2013-11-03 02:01:03','2020-10-25 11:16:54'),(22,52,'https://dropbox.net/vk/Ledner.mpeg4',3803,'{\"owner\": \"Carrie Quigley\"}',1,'1992-01-06 02:11:33','2020-10-25 12:16:50'),(23,77,'https://dropbox.net/vk/Zemlak.png',2910,'{\"owner\": \"Marcia Gutkowski\"}',2,'1981-07-10 18:14:56','2020-10-25 12:16:50'),(24,30,'https://dropbox.net/vk/Quigley.png',1398,'{\"owner\": \"Terence Kemmer\"}',2,'1976-06-05 18:18:47','2020-10-25 12:16:50'),(25,17,'https://dropbox.net/vk/Nader.jpeg',2725,'{\"owner\": \"Shana Schneider\"}',2,'1976-03-17 19:33:58','2020-10-25 12:16:50'),(26,94,'https://dropbox.net/vk/Schultz.mp3',3500,'{\"owner\": \"Rocio Denesik\"}',2,'2011-11-27 13:46:52','2020-10-25 12:16:50'),(27,19,'https://dropbox.net/vk/Mohr.mp3',1289,'{\"owner\": \"Alexandrine Nolan\"}',2,'2013-08-20 05:50:05','2020-10-25 11:16:54'),(28,11,'https://dropbox.net/vk/Kuphal.mpeg4',1041,'{\"owner\": \"Madisyn Lesch\"}',1,'2007-04-01 02:57:41','2020-10-25 12:16:50'),(29,97,'https://dropbox.net/vk/Kuphal.mpeg4',3725,'{\"owner\": \"Ashton Dickens\"}',1,'1977-08-07 00:15:11','2020-10-25 12:16:50'),(30,52,'https://dropbox.net/vk/Ondricka.mpeg4',2296,'{\"owner\": \"Carrie Quigley\"}',1,'1974-10-19 11:37:28','2020-10-25 12:16:50'),(31,69,'https://dropbox.net/vk/Berge.mpeg4',1663,'{\"owner\": \"Vince Lowe\"}',1,'2006-03-30 15:43:36','2020-10-25 11:16:54'),(32,87,'https://dropbox.net/vk/Osinski.jpeg',2763,'{\"owner\": \"Demetrius Kling\"}',1,'1978-01-19 14:01:55','2020-10-25 12:16:50'),(33,30,'https://dropbox.net/vk/Mohr.png',2731,'{\"owner\": \"Terence Kemmer\"}',3,'1995-11-17 23:25:26','2020-10-25 11:16:54'),(34,88,'https://dropbox.net/vk/Cormier.jpeg',1055,'{\"owner\": \"Aliyah Rogahn\"}',1,'2009-05-27 07:45:40','2020-10-25 12:16:50'),(35,50,'https://dropbox.net/vk/Cormier.mpeg4',3041,'{\"owner\": \"Jordy Schulist\"}',2,'2000-04-21 20:01:35','2020-10-25 12:16:50'),(36,86,'https://dropbox.net/vk/Kassulke.mp3',3425,'{\"owner\": \"Otha Borer\"}',1,'2012-09-28 21:29:11','2020-10-25 11:16:54'),(37,78,'https://dropbox.net/vk/Berge.mpeg4',3078,'{\"owner\": \"Everardo Boyer\"}',2,'2000-06-05 04:39:49','2020-10-25 11:16:54'),(38,32,'https://dropbox.net/vk/Murphy.png',2746,'{\"owner\": \"Cristobal Cormier\"}',1,'1971-01-04 12:21:03','2020-10-25 12:16:50'),(39,27,'https://dropbox.net/vk/Kuphal.png',2015,'{\"owner\": \"Roger Rosenbaum\"}',2,'1998-01-26 00:16:31','2020-10-25 12:16:50'),(40,37,'https://dropbox.net/vk/Wolff.mp3',1045,'{\"owner\": \"Mavis Carroll\"}',1,'1998-03-24 19:18:09','2020-10-25 12:16:50'),(41,4,'https://dropbox.net/vk/Cormier.png',3001,'{\"owner\": \"Casey Rutherford\"}',2,'2002-08-23 22:26:33','2020-10-25 12:16:50'),(42,9,'https://dropbox.net/vk/Lowe.jpeg',2269,'{\"owner\": \"Edmond Lowe\"}',2,'1978-01-11 13:14:21','2020-10-25 11:16:54'),(43,31,'https://dropbox.net/vk/Walsh.mp3',2613,'{\"owner\": \"Eloy Rolfson\"}',1,'2005-12-28 12:48:05','2020-10-25 12:16:50'),(44,27,'https://dropbox.net/vk/Mohr.png',3987,'{\"owner\": \"Roger Rosenbaum\"}',1,'2000-07-27 02:03:58','2020-10-25 12:16:50'),(45,44,'https://dropbox.net/vk/Wolff.mpeg4',3360,'{\"owner\": \"Eugene Grady\"}',1,'2018-08-31 09:23:05','2020-10-25 12:16:50'),(46,38,'https://dropbox.net/vk/Bartell.mpeg4',1837,'{\"owner\": \"Loma Ledner\"}',3,'1973-02-06 12:56:32','2020-10-25 12:16:50'),(47,58,'https://dropbox.net/vk/Parisian.mpeg4',1232,'{\"owner\": \"Edythe Bode\"}',3,'2015-04-17 07:37:13','2020-10-25 12:16:50'),(48,74,'https://dropbox.net/vk/Ledner.mpeg4',3568,'{\"owner\": \"Tara Schultz\"}',2,'1985-10-13 18:45:28','2020-10-25 12:16:50'),(49,94,'https://dropbox.net/vk/Wolff.jpeg',1309,'{\"owner\": \"Rocio Denesik\"}',1,'2008-07-07 04:48:44','2020-10-25 12:16:50'),(50,49,'https://dropbox.net/vk/Denesik.mp3',4077,'{\"owner\": \"Susan Little\"}',2,'2018-08-12 15:26:05','2020-10-25 12:16:50'),(51,65,'https://dropbox.net/vk/Bednar.mp3',1708,'{\"owner\": \"Mac Bosco\"}',2,'1987-03-28 04:02:03','2020-10-25 12:16:50'),(52,74,'https://dropbox.net/vk/Bogisich.mp3',2952,'{\"owner\": \"Tara Schultz\"}',1,'2013-09-15 23:19:23','2020-10-25 12:16:50'),(53,74,'https://dropbox.net/vk/Berge.jpeg',2476,'{\"owner\": \"Tara Schultz\"}',3,'1991-09-12 23:36:24','2020-10-25 11:16:54'),(54,51,'https://dropbox.net/vk/Turcotte.jpeg',2691,'{\"owner\": \"Bell Rosenbaum\"}',2,'2004-09-26 19:04:25','2020-10-25 12:16:50'),(55,29,'https://dropbox.net/vk/Schulist.png',3986,'{\"owner\": \"Tara Kuphal\"}',1,'1970-02-21 11:09:04','2020-10-25 12:16:50'),(56,92,'https://dropbox.net/vk/Borer.png',2367,'{\"owner\": \"Fritz Murphy\"}',3,'2017-04-13 14:26:00','2020-10-25 12:16:50'),(57,73,'https://dropbox.net/vk/Stokes.mp3',3490,'{\"owner\": \"Daisha Dietrich\"}',2,'2005-11-27 02:22:28','2020-10-25 11:16:54'),(58,87,'https://dropbox.net/vk/Berge.png',4092,'{\"owner\": \"Demetrius Kling\"}',3,'1994-03-25 06:23:44','2020-10-25 11:16:54'),(59,16,'https://dropbox.net/vk/Kuphal.mpeg4',3702,'{\"owner\": \"Margret Towne\"}',3,'1987-06-29 01:23:49','2020-10-25 12:16:50'),(60,20,'https://dropbox.net/vk/Wolff.jpeg',2455,'{\"owner\": \"Willie Bartell\"}',3,'2020-03-25 00:08:40','2020-10-25 12:16:50'),(61,49,'https://dropbox.net/vk/Hegmann.jpeg',1626,'{\"owner\": \"Susan Little\"}',2,'2002-08-06 22:17:54','2020-10-25 12:16:50'),(62,86,'https://dropbox.net/vk/Kassulke.png',3439,'{\"owner\": \"Otha Borer\"}',3,'2017-07-24 07:53:21','2020-10-25 12:16:50'),(63,81,'https://dropbox.net/vk/Block.png',3422,'{\"owner\": \"Gonzalo Kassulke\"}',3,'2000-04-10 00:36:52','2020-10-25 11:16:54'),(64,47,'https://dropbox.net/vk/Stroman.png',3011,'{\"owner\": \"Jayde Moen\"}',2,'1993-07-17 20:38:53','2020-10-25 12:16:50'),(65,92,'https://dropbox.net/vk/Moen.jpeg',3874,'{\"owner\": \"Fritz Murphy\"}',1,'2001-05-16 13:59:57','2020-10-25 12:16:50'),(66,16,'https://dropbox.net/vk/Berge.png',2192,'{\"owner\": \"Margret Towne\"}',2,'2017-04-21 17:59:39','2020-10-25 12:16:50'),(67,7,'https://dropbox.net/vk/Considine.mp3',2167,'{\"owner\": \"Emery Parisian\"}',3,'1992-03-31 00:22:50','2020-10-25 12:16:50'),(68,86,'https://dropbox.net/vk/Zemlak.png',2058,'{\"owner\": \"Otha Borer\"}',2,'1980-10-13 19:37:00','2020-10-25 12:16:50'),(69,8,'https://dropbox.net/vk/Swaniawski.mpeg4',3886,'{\"owner\": \"Alessandro Buckridge\"}',1,'2012-04-27 11:18:39','2020-10-25 12:16:50'),(70,81,'https://dropbox.net/vk/Lowe.jpeg',1178,'{\"owner\": \"Gonzalo Kassulke\"}',1,'2002-02-01 08:46:10','2020-10-25 12:16:50'),(71,83,'https://dropbox.net/vk/Wiegand.png',3598,'{\"owner\": \"Alan Ondricka\"}',1,'1988-02-03 18:09:14','2020-10-25 11:16:54'),(72,69,'https://dropbox.net/vk/Howell.png',2805,'{\"owner\": \"Vince Lowe\"}',2,'2014-09-01 19:42:34','2020-10-25 11:16:54'),(73,98,'https://dropbox.net/vk/Abernathy.mp3',2634,'{\"owner\": \"Clay Abbott\"}',3,'2011-01-18 06:11:02','2020-10-25 11:16:54'),(74,82,'https://dropbox.net/vk/Walker.jpeg',3445,'{\"owner\": \"Frank Ledner\"}',1,'2005-10-25 12:30:20','2020-10-25 12:16:50'),(75,13,'https://dropbox.net/vk/Schneider.mpeg4',3204,'{\"owner\": \"Eileen Pfannerstill\"}',1,'2007-12-09 00:10:10','2020-10-25 12:16:50'),(76,21,'https://dropbox.net/vk/Stokes.mp3',4089,'{\"owner\": \"Liam Witting\"}',2,'1971-08-05 00:27:55','2020-10-25 12:16:50'),(77,66,'https://dropbox.net/vk/Zemlak.jpeg',1524,'{\"owner\": \"Cornelius Grant\"}',3,'2017-11-04 18:06:17','2020-10-25 12:16:50'),(78,67,'https://dropbox.net/vk/Schneider.mpeg4',3055,'{\"owner\": \"Bianka Howell\"}',3,'2003-02-11 12:40:55','2020-10-25 11:16:54'),(79,35,'https://dropbox.net/vk/Quigley.png',2132,'{\"owner\": \"Carlotta Zemlak\"}',2,'2008-10-17 19:16:22','2020-10-25 12:16:50'),(80,74,'https://dropbox.net/vk/Kuphal.mp3',1390,'{\"owner\": \"Tara Schultz\"}',3,'1992-11-26 16:10:36','2020-10-25 12:16:50'),(81,65,'https://dropbox.net/vk/Towne.mpeg4',2221,'{\"owner\": \"Mac Bosco\"}',2,'1974-04-16 08:49:00','2020-10-25 12:16:50'),(82,3,'https://dropbox.net/vk/Considine.mpeg4',1979,'{\"owner\": \"Sedrick Windler\"}',3,'1974-10-21 00:04:40','2020-10-25 12:16:50'),(83,20,'https://dropbox.net/vk/Schneider.jpeg',1227,'{\"owner\": \"Willie Bartell\"}',2,'2004-10-18 16:28:35','2020-10-25 12:16:50'),(84,88,'https://dropbox.net/vk/Dietrich.jpeg',2025,'{\"owner\": \"Aliyah Rogahn\"}',2,'1996-12-13 11:40:34','2020-10-25 12:16:50'),(85,79,'https://dropbox.net/vk/Zemlak.mpeg4',2059,'{\"owner\": \"Hailey Osinski\"}',2,'1988-08-11 05:46:51','2020-10-25 12:16:50'),(86,33,'https://dropbox.net/vk/Schultz.mpeg4',2729,'{\"owner\": \"Makenna Parker\"}',1,'1970-07-24 16:10:16','2020-10-25 11:16:54'),(87,26,'https://dropbox.net/vk/Hermann.mp3',3899,'{\"owner\": \"Hillary Abernathy\"}',1,'1997-12-31 14:13:09','2020-10-25 12:16:50'),(88,33,'https://dropbox.net/vk/Walker.jpeg',3320,'{\"owner\": \"Makenna Parker\"}',3,'1984-11-04 21:09:02','2020-10-25 11:16:54'),(89,83,'https://dropbox.net/vk/Block.mp3',3761,'{\"owner\": \"Alan Ondricka\"}',1,'1994-08-13 21:14:46','2020-10-25 12:16:50'),(90,19,'https://dropbox.net/vk/Borer.jpeg',3327,'{\"owner\": \"Alexandrine Nolan\"}',1,'1980-12-13 07:13:24','2020-10-25 12:16:50'),(91,42,'https://dropbox.net/vk/Nader.jpeg',3430,'{\"owner\": \"Amanda Berge\"}',1,'2013-10-28 19:02:57','2020-10-25 11:16:54'),(92,55,'https://dropbox.net/vk/Wiegand.mp3',1353,'{\"owner\": \"Brian Carter\"}',2,'2015-08-23 21:58:22','2020-10-25 11:16:54'),(93,48,'https://dropbox.net/vk/Heidenreich.jpeg',3965,'{\"owner\": \"Natalie Bogisich\"}',1,'1977-03-19 20:49:59','2020-10-25 12:16:50'),(94,75,'https://dropbox.net/vk/Ledner.png',1770,'{\"owner\": \"Letha Funk\"}',3,'2020-08-05 12:37:09','2020-10-25 12:16:50'),(95,30,'https://dropbox.net/vk/Ondricka.png',3573,'{\"owner\": \"Terence Kemmer\"}',3,'1972-04-29 04:51:23','2020-10-25 12:16:50'),(96,25,'https://dropbox.net/vk/Dickens.jpeg',1805,'{\"owner\": \"Kailee Fritsch\"}',2,'2019-08-31 07:56:58','2020-10-25 12:16:50'),(97,34,'https://dropbox.net/vk/Walker.png',3714,'{\"owner\": \"Genesis Watsica\"}',3,'2019-11-18 20:33:31','2020-10-25 12:16:50'),(98,94,'https://dropbox.net/vk/Johns.mpeg4',1663,'{\"owner\": \"Rocio Denesik\"}',1,'2001-03-08 20:50:34','2020-10-25 12:16:50'),(99,67,'https://dropbox.net/vk/Quigley.jpeg',3742,'{\"owner\": \"Bianka Howell\"}',2,'2006-10-18 07:54:35','2020-10-25 12:16:50'),(100,55,'https://dropbox.net/vk/Bosco.mp3',1856,'{\"owner\": \"Brian Carter\"}',3,'1988-11-07 03:37:21','2020-10-25 12:16:50');
/*!40000 ALTER TABLE `media` ENABLE KEYS */;
UNLOCK TABLES;

--
-- Table structure for table `media_likes`
--

DROP TABLE IF EXISTS `media_likes`;
/*!40101 SET @saved_cs_client     = @@character_set_client */;
/*!50503 SET character_set_client = utf8mb4 */;
CREATE TABLE `media_likes` (
  `media_id` int unsigned NOT NULL COMMENT 'Идентификатор медиа',
  `user_id` int unsigned NOT NULL COMMENT 'Идентификатор пользователя',
  `is_active` tinyint unsigned DEFAULT '1' COMMENT 'Активен',
  `created_at` datetime DEFAULT CURRENT_TIMESTAMP COMMENT 'Время создания строки',
  `updated_at` datetime DEFAULT CURRENT_TIMESTAMP ON UPDATE CURRENT_TIMESTAMP COMMENT 'Время обновления строки',
  PRIMARY KEY (`media_id`,`user_id`) COMMENT 'Первичный ключ'
) ENGINE=InnoDB DEFAULT CHARSET=utf8mb4 COLLATE=utf8mb4_0900_ai_ci COMMENT='Лайки медиа';
/*!40101 SET character_set_client = @saved_cs_client */;

--
-- Dumping data for table `media_likes`
--

LOCK TABLES `media_likes` WRITE;
/*!40000 ALTER TABLE `media_likes` DISABLE KEYS */;
/*!40000 ALTER TABLE `media_likes` ENABLE KEYS */;
UNLOCK TABLES;

--
-- Table structure for table `media_types`
--

DROP TABLE IF EXISTS `media_types`;
/*!40101 SET @saved_cs_client     = @@character_set_client */;
/*!50503 SET character_set_client = utf8mb4 */;
CREATE TABLE `media_types` (
  `id` int unsigned NOT NULL AUTO_INCREMENT COMMENT 'Идентификатор строки',
  `name` varchar(255) CHARACTER SET utf8 COLLATE utf8_unicode_ci NOT NULL COMMENT 'Название типа',
  `created_at` datetime DEFAULT CURRENT_TIMESTAMP COMMENT 'Время создания строки',
  `updated_at` datetime DEFAULT CURRENT_TIMESTAMP ON UPDATE CURRENT_TIMESTAMP COMMENT 'Время обновления строки',
  PRIMARY KEY (`id`),
  UNIQUE KEY `name` (`name`)
) ENGINE=InnoDB AUTO_INCREMENT=4 DEFAULT CHARSET=utf8 COLLATE=utf8_unicode_ci COMMENT='Типы медиафайлов';
/*!40101 SET character_set_client = @saved_cs_client */;

--
-- Dumping data for table `media_types`
--

LOCK TABLES `media_types` WRITE;
/*!40000 ALTER TABLE `media_types` DISABLE KEYS */;
INSERT INTO `media_types` VALUES (1,'image','2020-10-25 12:15:28','2020-10-25 12:15:28'),(2,'video','2020-10-25 12:15:28','2020-10-25 12:15:28'),(3,'audio','2020-10-25 12:15:28','2020-10-25 12:15:28');
/*!40000 ALTER TABLE `media_types` ENABLE KEYS */;
UNLOCK TABLES;

--
-- Table structure for table `messages`
--

DROP TABLE IF EXISTS `messages`;
/*!40101 SET @saved_cs_client     = @@character_set_client */;
/*!50503 SET character_set_client = utf8mb4 */;
CREATE TABLE `messages` (
  `id` int unsigned NOT NULL AUTO_INCREMENT COMMENT 'Идентификатор строки',
  `from_user_id` int unsigned NOT NULL COMMENT 'Ссылка на отправителя сообщения',
  `to_user_id` int unsigned NOT NULL COMMENT 'Ссылка на получателя сообщения',
  `body` text CHARACTER SET utf8 COLLATE utf8_unicode_ci NOT NULL COMMENT 'Текст сообщения',
  `is_important` tinyint(1) DEFAULT NULL COMMENT 'Признак важности',
  `is_delivered` tinyint(1) DEFAULT NULL COMMENT 'Признак доставки',
  `created_at` datetime DEFAULT CURRENT_TIMESTAMP COMMENT 'Время создания строки',
  `updated_at` datetime DEFAULT CURRENT_TIMESTAMP ON UPDATE CURRENT_TIMESTAMP COMMENT 'Время обновления строки',
  PRIMARY KEY (`id`)
) ENGINE=InnoDB AUTO_INCREMENT=101 DEFAULT CHARSET=utf8 COLLATE=utf8_unicode_ci COMMENT='Сообщения';
/*!40101 SET character_set_client = @saved_cs_client */;

--
-- Dumping data for table `messages`
--

LOCK TABLES `messages` WRITE;
/*!40000 ALTER TABLE `messages` DISABLE KEYS */;
INSERT INTO `messages` VALUES (1,45,95,'Cumque qui sunt nemo et in. Velit ex facilis ullam similique. Quibusdam harum repellendus nemo perferendis quis.',0,0,'1977-10-25 09:12:48','2020-10-25 01:27:34'),(2,41,20,'Eius omnis voluptas corrupti consequatur. Voluptatem inventore expedita sit. Adipisci quidem ab perferendis vitae. Ut fugiat sit minima pariatur inventore in.',1,1,'2007-06-30 07:09:12','2020-10-25 01:27:34'),(3,77,22,'Nihil perferendis soluta aut repudiandae. Eum nemo molestiae voluptas. Repudiandae nostrum voluptatem minus tenetur nam nihil quidem ut. Pariatur dolor quo ut.',1,0,'1975-03-23 18:35:07','2020-10-25 01:27:34'),(4,80,34,'Qui veniam dignissimos repellat nulla nihil repellendus consequuntur nam. Nesciunt eum facere hic est.',1,1,'1987-01-02 12:38:07','2020-10-25 01:27:34'),(5,29,41,'Itaque tenetur alias eum aliquid enim. Quibusdam autem aut aliquam eum nostrum voluptatem. Omnis minus voluptatem voluptas excepturi. Fuga eligendi voluptatem dolor accusantium.',1,0,'1996-05-21 14:40:45','2020-10-25 01:27:34'),(6,19,72,'Vitae omnis provident quaerat eius. Voluptas qui corporis aut veniam vitae. Soluta expedita minus similique. Ratione architecto sit harum doloremque est voluptates beatae veniam.',0,0,'2018-06-10 23:10:35','2020-10-25 01:27:34'),(7,3,97,'Qui nihil nesciunt sequi. Suscipit quos dolor accusantium cum quos id. Soluta quia est eos.',1,0,'2017-08-29 11:07:44','2020-10-25 01:27:34'),(8,75,82,'Est molestiae temporibus consequatur aliquid neque quasi omnis. Iste inventore maiores corrupti non iure.',0,0,'1985-04-09 19:28:47','2020-10-25 01:27:34'),(9,87,88,'Et autem ea laborum aut nemo aliquam vero. Est nihil et repudiandae enim temporibus eum. Ex similique sequi omnis officiis. Distinctio corporis fugiat doloribus quidem deleniti dolorem provident.',0,1,'1983-07-28 19:21:05','2020-10-25 01:27:34'),(10,78,25,'Aut incidunt sit tenetur eum voluptatem et. Quod magni fuga voluptatem veritatis. Et aut aut consequatur ut. Dolorem exercitationem harum sit alias animi adipisci dignissimos sunt. Necessitatibus perspiciatis commodi neque dolorem.',1,0,'2013-05-12 03:10:01','2020-10-25 01:27:34'),(11,92,83,'Nam dicta soluta consequuntur impedit cupiditate numquam corporis error. Voluptas incidunt dolores earum veniam distinctio nisi. Eveniet voluptatum iste omnis quaerat. Illum eligendi provident eaque.',0,1,'1990-07-20 21:38:17','2020-10-25 01:27:34'),(12,41,53,'Ut fugiat veniam quia in. Molestias et dolores veniam eum numquam modi.',1,0,'1974-07-13 16:32:44','2020-10-25 01:27:34'),(13,43,57,'Explicabo reiciendis sunt iusto aut a maxime. At assumenda quaerat mollitia laudantium. Velit doloremque cum consequatur expedita perspiciatis sequi.',1,0,'2003-09-29 06:42:59','2020-10-25 01:27:34'),(14,53,93,'Quo facere eius corporis cum asperiores ratione iusto. Ut autem illo officia voluptatibus aut eum laborum ipsum. Temporibus consequuntur repellat ipsam et dolore enim.',0,0,'1988-08-29 11:04:24','2020-10-25 01:27:34'),(15,6,51,'In quos consequatur vel non veritatis magnam enim. Et fugit enim dignissimos reprehenderit ex vero. Soluta eius nobis earum dolores quo possimus.',1,0,'2005-11-19 15:53:21','2020-10-25 01:27:34'),(16,38,35,'Ullam neque ut qui voluptas harum. Unde accusamus et eos molestias nesciunt aspernatur. Rerum fuga nam dolores laboriosam sit.',1,0,'2008-03-16 03:46:15','2020-10-25 01:27:34'),(17,63,7,'Exercitationem aut ut error et minima sequi. Rem voluptas voluptatem consequatur ut id consequatur. Et iste cupiditate unde et recusandae porro omnis. Quasi aut et aspernatur accusantium.',0,0,'2017-02-11 05:30:30','2020-10-25 01:27:34'),(18,46,10,'Totam necessitatibus voluptates quasi hic et ad recusandae. Ab id ut voluptatem incidunt sequi quia at.',0,1,'1995-09-02 00:47:22','2020-10-25 01:27:34'),(19,10,21,'Sapiente voluptas saepe cum adipisci provident quo nesciunt. Ipsam tempora voluptatem nesciunt cum. Modi sapiente et eum qui omnis ut quis.',1,1,'2016-07-06 00:09:42','2020-10-25 01:27:34'),(20,72,96,'Rerum mollitia consectetur quae similique nam non autem quisquam. Quia quos ea quia tempora assumenda. Nulla at temporibus aliquam ut doloremque atque.',0,1,'2020-02-27 20:26:24','2020-10-25 01:27:34'),(21,65,38,'Veniam facere voluptatem aut eveniet blanditiis. Unde excepturi sint quidem voluptas quaerat. Consequuntur quidem natus et. Eum dicta reprehenderit sapiente iusto quod ullam. Occaecati laudantium maiores quo asperiores voluptas aut.',1,0,'2002-11-13 23:52:30','2020-10-25 01:27:34'),(22,93,50,'Sit et voluptates eaque hic rerum. Dolorum eaque rerum molestias. Distinctio inventore neque id ex ex voluptas reprehenderit.',0,1,'2009-09-28 10:28:46','2020-10-25 01:27:34'),(23,72,10,'Iste id labore autem corporis sed rerum quos sapiente. Laborum inventore quia ipsam fugit excepturi. Dolor voluptate quasi ducimus repellat autem doloremque veritatis. Eos et natus est voluptas provident quas. Et deleniti reprehenderit laborum repudiandae numquam sint hic.',1,0,'2006-08-16 08:20:52','2020-10-25 01:27:34'),(24,31,26,'Nam facere ut ut et. Ea ullam qui impedit laborum est aut laudantium. Velit quo aspernatur aut nemo harum iusto ut sint. Dolorum et sed eaque pariatur tempore blanditiis.',1,1,'1983-11-05 19:47:19','2020-10-25 01:27:34'),(25,36,2,'Non dolor voluptate est est alias velit fugiat ab. Consequatur tenetur excepturi maxime dolores. Voluptates sint necessitatibus quas.',0,0,'1990-07-23 20:25:40','2020-10-25 01:27:34'),(26,100,95,'Dolores non aut consectetur cumque consequatur iure unde dolores. Vitae molestias id excepturi ab ullam molestiae. Error praesentium assumenda assumenda minima quas beatae. Reiciendis officia quaerat dolores placeat modi id id quidem. Impedit similique facilis aperiam pariatur amet.',0,1,'1977-06-15 04:31:40','2020-10-25 01:27:34'),(27,74,83,'Ipsum consequatur culpa minus eos unde reiciendis pariatur. Nulla sed consequuntur ea sint. Autem dolorum quis blanditiis quas qui quia animi.',0,0,'2008-11-06 04:29:08','2020-10-25 01:27:34'),(28,94,20,'Reiciendis minus voluptatibus incidunt aut ipsa deleniti ducimus. Odit vel nisi nam quidem dolores ut. Nobis commodi consequatur error eos laudantium et alias. Ut iusto libero laborum.',0,1,'2004-04-09 14:49:21','2020-10-25 01:27:34'),(29,19,32,'Quae quaerat ut sint rerum. Est rerum commodi ipsa qui et. Accusamus magnam ex nesciunt natus porro. Vel omnis consequatur et.',1,1,'2016-07-09 16:52:15','2020-10-25 01:27:34'),(30,3,21,'Voluptatum voluptatibus consequuntur quia omnis saepe provident dolorem. Aut nostrum numquam totam aut et molestiae. Et maxime ut veniam quod molestiae est ut. Consequatur veniam voluptatibus omnis aliquid deleniti quibusdam.',0,0,'2010-03-26 18:39:55','2020-10-25 01:27:34'),(31,93,1,'Eum quia itaque dolore sed explicabo. Reprehenderit accusamus sunt quasi est doloremque repellat aut. In officiis saepe maiores excepturi. Debitis error nostrum quidem impedit ut quia est.',1,0,'2016-10-23 04:35:28','2020-10-25 01:27:34'),(32,27,33,'Modi sit sed maxime neque aut quaerat animi ratione. Nihil sed fugiat reiciendis ut a tempore. Et enim autem repellendus officiis magni autem error.',1,1,'1993-02-01 15:04:06','2020-10-25 01:27:34'),(33,80,3,'Beatae quia dolorum in voluptas. Asperiores quibusdam quo rerum libero numquam voluptate fugiat. Vel dolorem est voluptatum eveniet adipisci labore sint.',1,0,'1974-05-14 17:13:16','2020-10-25 01:27:34'),(34,72,51,'Rerum aut soluta labore autem aut. Facere omnis molestiae consequatur commodi. Et qui nisi sequi voluptatem id ipsam.',1,0,'2009-05-05 08:09:25','2020-10-25 01:27:34'),(35,39,42,'Dolor qui qui dolorem magnam libero maxime modi atque. Mollitia quia temporibus quam autem illum. Occaecati aperiam adipisci omnis magni nisi est.',1,0,'1974-11-21 03:03:40','2020-10-25 01:27:34'),(36,93,39,'Aut ut sit earum sint voluptatem explicabo. Earum et natus esse repellat doloribus tenetur occaecati. Dolores aperiam explicabo velit a sunt ut. Cum non est aut numquam et dignissimos.',0,1,'1999-10-16 16:11:40','2020-10-25 01:27:34'),(37,13,47,'Inventore ipsum repellendus est non corporis corporis dolorem quia. Dolorem quam eos ut impedit dolor dolores sit. Dignissimos eius eligendi sit quia. Repellendus magnam et qui et unde. Quia ut est consequatur dicta quae.',0,1,'2015-12-29 04:27:59','2020-10-25 01:27:34'),(38,97,44,'Accusantium ratione expedita similique tempora. Et voluptas harum qui non nobis voluptatum. Occaecati dolorum incidunt quod sed aut ab accusamus. Repellat aliquam asperiores ut vero quos perferendis minima quas.',1,0,'1997-04-24 08:31:52','2020-10-25 01:27:34'),(39,28,6,'Cumque et est tempora totam. Vel vero dolores ducimus et accusantium repellendus. Soluta deserunt blanditiis vitae cupiditate.',0,0,'1995-11-18 10:59:49','2020-10-25 01:27:34'),(40,48,21,'Aliquid incidunt illo adipisci distinctio dignissimos corporis sint. Aut eos soluta ullam ut iure possimus. Necessitatibus facilis id voluptatem eius explicabo reiciendis harum.',0,1,'2017-07-24 19:09:24','2020-10-25 01:27:34'),(41,62,46,'Atque ullam veniam quia quis. Deleniti officia excepturi voluptatem quae rem dolores sit. Dolor cum ut eaque non. Praesentium earum ut natus.',1,1,'1974-10-16 03:42:53','2020-10-25 01:27:34'),(42,41,70,'Quos cumque minus libero deserunt cum eligendi dolore. Recusandae ipsam magnam non in esse ut temporibus. Reprehenderit illum debitis nisi vero.',1,1,'1995-07-06 20:36:21','2020-10-25 01:27:34'),(43,25,13,'Suscipit atque ducimus vero fugiat velit. Quo delectus mollitia consequatur natus sit. Quam quidem id voluptatem deleniti eaque. Nulla quam sed quod cumque eligendi aut sequi.',0,1,'1992-02-16 02:08:17','2020-10-25 01:27:34'),(44,91,17,'Blanditiis ducimus ratione sapiente quisquam ducimus. Modi similique laborum veritatis ratione dolores. Maiores aperiam est ut quia inventore. Voluptates labore qui ut.',1,0,'2007-12-02 08:14:40','2020-10-25 01:27:34'),(45,11,3,'Animi corporis magni dolor eveniet nihil. Aspernatur voluptas amet eveniet architecto ad.',0,1,'2016-09-09 04:12:23','2020-10-25 01:27:34'),(46,82,100,'Error et in praesentium non impedit id. Dolorem tempora dignissimos non reiciendis accusantium laboriosam. Esse quia ut distinctio veritatis atque. Voluptatum et consequatur quaerat sapiente et numquam numquam expedita.',0,1,'1994-08-17 13:36:43','2020-10-25 01:27:34'),(47,54,69,'Totam accusamus eum maxime maiores vel corrupti iste. Voluptatem odio inventore et necessitatibus ex. Nam suscipit eveniet rerum aliquam ut quia.',0,1,'1990-01-31 05:52:06','2020-10-25 01:27:34'),(48,85,14,'Autem nihil provident at et. Molestiae assumenda suscipit rem non recusandae non nisi voluptates. Pariatur optio perferendis repellat nemo praesentium nihil. Ea optio voluptatem reprehenderit voluptas qui.',1,0,'1977-10-02 10:18:12','2020-10-25 01:27:34'),(49,15,34,'Optio occaecati sit laudantium modi. Voluptatem quas expedita aut id veritatis aliquam. Et ut autem libero distinctio esse laudantium vel.',1,1,'2002-08-22 04:43:45','2020-10-25 01:27:34'),(50,22,10,'Quaerat enim eum occaecati et placeat aut. Et aut et aut dolorem ut sint et. Aut molestias cumque ut aut perspiciatis error consequatur. Nesciunt et laudantium atque quo.',0,0,'2014-02-13 01:47:30','2020-10-25 01:27:34'),(51,84,89,'Quasi natus delectus nobis nostrum. Consequatur sit et nostrum ab necessitatibus laudantium architecto. Est sint dolor sint magnam. Facere soluta animi id voluptates quo sed aut.',0,1,'1990-11-24 21:49:22','2020-10-25 01:27:34'),(52,92,92,'Qui adipisci minima alias in enim. Aliquid aliquam autem facere error. Adipisci similique id ea consequatur nobis itaque. Culpa exercitationem et cum. Laudantium iste distinctio impedit aliquid.',0,0,'2001-06-13 04:16:00','2020-10-25 01:27:34'),(53,83,38,'Dolorum porro corrupti quae occaecati voluptatem vitae sed. Recusandae ullam aut eos tenetur sunt repudiandae quos. Sint officia aut error sed. Quisquam quia qui doloribus impedit minus laborum.',1,1,'2009-08-29 17:07:31','2020-10-25 01:27:34'),(54,40,84,'Fugit enim vel consectetur iusto qui. Blanditiis atque quisquam sed dolorem. Voluptas et perferendis qui nesciunt at velit ea.',1,0,'2014-11-23 23:08:11','2020-10-25 01:27:34'),(55,3,61,'Sapiente enim tempora doloremque quo perspiciatis. Quaerat dolor voluptatem qui accusantium et nihil dolorem. Nam atque consectetur est quo quibusdam et. Molestias praesentium consequatur magnam aliquam.',1,0,'2001-10-28 13:28:08','2020-10-25 01:27:34'),(56,95,93,'Dicta ad ullam et at ullam. Et earum consequatur nesciunt. Fugiat nobis dolores quo. Asperiores voluptas ut sequi.',1,1,'1994-10-02 14:06:23','2020-10-25 01:27:34'),(57,77,5,'Provident animi beatae qui rerum. Et quae qui optio qui. Quisquam ipsam sunt labore aperiam illo. Veritatis rerum harum culpa id. Id non id eum.',1,0,'2018-09-17 11:03:31','2020-10-25 01:27:34'),(58,95,61,'Sint natus dolorem maxime placeat delectus molestiae. Quis perferendis rerum qui et. Repudiandae beatae expedita ut sed sit ipsa. Et qui facere velit.',1,1,'1978-05-24 21:18:42','2020-10-25 01:27:34'),(59,20,16,'Eos laudantium ut quis rerum voluptatem sed. Omnis delectus qui et nisi in vel labore. Reprehenderit amet veritatis eos ut voluptates molestiae ex. Beatae assumenda eligendi tempora ducimus.',1,1,'2014-02-25 00:36:13','2020-10-25 01:27:34'),(60,19,45,'Aperiam perferendis dolorem ut est. Molestiae enim quos eligendi error sint nam itaque magni. Quas aspernatur aperiam fugit a totam quam consequatur voluptas.',0,1,'2005-08-09 17:38:09','2020-10-25 01:27:34'),(61,70,14,'Excepturi quia tempore dolor accusantium illo. Voluptatem dolorem qui non fugiat voluptate nulla error. Laudantium similique et ex doloremque.',0,1,'2000-02-26 16:53:41','2020-10-25 01:27:34'),(62,60,56,'Deleniti dolor sed suscipit porro sit. Nihil amet vel architecto eos.',1,0,'2013-02-17 22:07:24','2020-10-25 01:27:34'),(63,1,36,'Vero corrupti consequuntur sed explicabo asperiores atque numquam. Non quaerat consequatur dolores et amet impedit fugit. Quia in ex dolor vitae.',1,0,'2014-09-05 23:49:52','2020-10-25 01:27:34'),(64,78,82,'Nam ipsa quam autem autem est delectus itaque. Aspernatur recusandae laboriosam odit ut earum. Fugiat consequatur sapiente sunt neque consequatur officia assumenda.',1,0,'2001-07-27 14:40:58','2020-10-25 01:27:34'),(65,75,27,'Et quos culpa esse dicta sint. Ut doloribus totam aut animi et.',0,0,'2010-05-22 21:12:32','2020-10-25 01:27:34'),(66,10,68,'Aut quia quibusdam eius aut doloribus quia. Ea et quod qui natus saepe omnis. Similique fugit nihil necessitatibus rerum hic. Dolores deleniti eveniet ducimus dolor.',0,1,'2004-04-04 05:16:00','2020-10-25 01:27:34'),(67,9,41,'Exercitationem ad optio optio minus. Odio magnam id odio excepturi expedita. Tempora dolore sit autem quia rerum aut optio. Perferendis ducimus sed rerum iste eveniet fuga velit dignissimos.',0,0,'1970-02-01 15:20:03','2020-10-25 01:27:34'),(68,78,65,'Et enim rem qui ea aut. A omnis sit fugit rerum eveniet. Cupiditate id recusandae sequi distinctio fugiat voluptatem maiores. Dolor fugiat inventore sint dolores architecto et sapiente.',0,0,'2006-10-17 12:25:52','2020-10-25 01:27:34'),(69,93,70,'Sed exercitationem est repellendus nesciunt. Perspiciatis eaque non est doloribus. Dicta qui placeat vel amet eius et nulla.',0,0,'2016-01-24 17:47:09','2020-10-25 01:27:34'),(70,70,37,'In quia sit aut vero. Harum suscipit nostrum perspiciatis cum rerum sed.',1,1,'1980-08-13 18:35:35','2020-10-25 01:27:34'),(71,77,74,'Quisquam eos rerum aut sunt voluptate repellat. Rem ratione repellat quam ut itaque et omnis. Ullam inventore earum sunt nostrum debitis.',0,1,'1992-08-19 16:31:48','2020-10-25 01:27:34'),(72,38,67,'Mollitia repudiandae ipsam non sit nam autem. Repellendus ut illo nihil. Omnis cupiditate dicta cum numquam explicabo.',0,1,'1989-11-22 21:14:21','2020-10-25 01:27:34'),(73,22,9,'Fuga excepturi laudantium nostrum doloremque saepe iure. Culpa repellat perferendis velit occaecati. Fugit eum et et sunt rerum. Incidunt facere ea aspernatur ut corporis.',1,0,'2003-04-21 11:24:48','2020-10-25 01:27:34'),(74,77,56,'Sint quod molestias dolores placeat totam. Animi maxime temporibus tenetur. Officia earum recusandae quibusdam.',0,1,'2002-09-06 10:33:59','2020-10-25 01:27:34'),(75,49,76,'Quibusdam corrupti est quas quo quisquam. Qui error molestiae facere quasi. Corrupti laborum consectetur aliquam.',0,0,'2015-10-25 04:16:45','2020-10-25 01:27:34'),(76,31,30,'Commodi quae aut aut et. Velit consequatur est aut voluptatem dolor sit. Dolorem qui maxime ut ut assumenda saepe. Ut rem rerum amet doloremque eligendi.',0,0,'1993-09-07 16:26:23','2020-10-25 01:27:34'),(77,53,78,'Reiciendis est officia est eaque quam enim quis. Doloribus rerum est eligendi et.',1,0,'1993-11-19 22:58:56','2020-10-25 01:27:34'),(78,27,3,'Quis quidem recusandae et qui et quia. Consequatur esse consequatur maxime provident commodi nobis. Asperiores ratione aperiam est sapiente omnis. Impedit accusantium aperiam quisquam quis.',0,0,'2007-06-28 18:48:27','2020-10-25 01:27:34'),(79,34,59,'At ad voluptatem nostrum beatae. Nesciunt sint debitis inventore qui perferendis omnis molestiae sed. Velit ea ab sapiente aut sint quia adipisci. Qui perferendis excepturi ad pariatur.',0,1,'2005-09-02 23:48:57','2020-10-25 01:27:34'),(80,94,90,'Pariatur aliquid voluptatem beatae exercitationem expedita velit dolores. Aperiam quae voluptatem maiores eveniet aliquam ut fugiat. Adipisci quidem at occaecati maxime aut est et.',0,1,'1976-09-24 04:02:57','2020-10-25 01:27:34'),(81,69,75,'Molestias architecto voluptatibus accusamus et aut. Id corrupti quia et ut sed nemo et. Assumenda eum quae iusto.',0,1,'2000-02-01 09:53:56','2020-10-25 01:27:34'),(82,68,15,'Natus vero officia quia provident eveniet eum error. Nihil quod corporis est dolores. Soluta magni quod at sit incidunt. Nam eaque neque excepturi necessitatibus qui ipsa.',0,0,'1991-03-20 14:21:31','2020-10-25 01:27:34'),(83,71,10,'Aut aliquid deleniti ab alias blanditiis eum. Aut dolores vitae fugit illo.',0,1,'1988-10-12 12:48:08','2020-10-25 01:27:34'),(84,37,53,'Dignissimos laboriosam beatae cupiditate qui. Consequatur placeat dolor id debitis. Temporibus velit quibusdam libero nemo optio.',1,1,'2018-12-13 21:08:37','2020-10-25 01:27:34'),(85,52,2,'Eum cum accusantium mollitia omnis placeat illum. Error laudantium ea officiis ut est earum. Impedit temporibus distinctio eveniet doloribus possimus rerum quos. Eveniet omnis aliquid eaque quo.',0,1,'1972-10-18 02:03:17','2020-10-25 01:27:34'),(86,54,64,'Quisquam molestias vel aperiam voluptatem ex officia. Doloribus vero dolore et explicabo possimus. Nam reiciendis maxime dolores delectus ut. Sunt incidunt qui quo sit harum molestiae. Vero deserunt ipsum porro ut voluptates sit saepe aperiam.',1,0,'1985-06-16 02:22:21','2020-10-25 01:27:34'),(87,56,90,'Id aut unde dolores omnis qui sed. Ea et quis consequatur in consectetur. Illo aliquam aut dolores delectus. Ipsum quis dicta placeat.',0,1,'2011-04-04 04:42:02','2020-10-25 01:27:34'),(88,78,21,'Adipisci qui voluptatem non deleniti maxime dolor. Vero ipsum amet nihil praesentium consequatur veniam. Sapiente quo blanditiis recusandae minima eum totam doloribus at. Consequatur numquam molestiae deserunt sit accusamus et. Amet eum excepturi nihil accusamus atque molestias.',0,0,'1974-08-01 17:50:26','2020-10-25 01:27:34'),(89,72,96,'Eos natus aspernatur doloremque aut consequatur aut. Adipisci soluta consectetur iste rerum est sit et. Voluptas qui repellat vero et. Qui impedit ut consequatur beatae consequuntur quae vero illum.',0,1,'1998-09-03 17:05:31','2020-10-25 01:27:34'),(90,65,34,'Aliquid et ipsam amet ipsam iusto dolores. Accusantium quia recusandae rerum consequatur vel. Alias dolore sequi magnam incidunt vel cum totam maxime. Quisquam dolores facilis possimus numquam.',0,1,'1996-07-16 00:15:45','2020-10-25 01:27:34'),(91,74,71,'Dolores quia natus aspernatur vel magni et. Perspiciatis neque provident aut et ut eligendi quos. Ad quisquam voluptas quibusdam cum quis maxime. Saepe nihil perspiciatis dolorem voluptatem omnis laboriosam ut.',1,1,'1996-03-15 03:01:24','2020-10-25 01:27:34'),(92,29,32,'Nostrum sapiente optio deserunt dolorem tempore. Excepturi mollitia omnis eos rerum expedita.',1,0,'2003-02-01 21:29:37','2020-10-25 01:27:34'),(93,71,60,'Et quod labore fugiat ducimus id magnam numquam. Et atque qui et molestiae.',1,0,'1979-07-29 16:23:31','2020-10-25 01:27:34'),(94,87,52,'Nesciunt omnis et debitis nihil sed culpa. Natus sit neque eum quos. Dignissimos unde est officiis eligendi officia fugiat et. Eveniet est sint qui odio facere dignissimos. Deserunt veritatis accusamus saepe ab nisi.',0,0,'2017-05-21 10:19:54','2020-10-25 01:27:34'),(95,1,47,'Id sit nulla aspernatur consequatur doloribus expedita hic. Exercitationem est vel odit porro enim. Dignissimos eos exercitationem et consequuntur suscipit ea et.',1,0,'1991-05-11 19:39:41','2020-10-25 01:27:34'),(96,33,23,'Praesentium modi odio sit ipsam consectetur qui assumenda et. Sunt explicabo provident qui voluptatem et vero. Corporis nemo vero esse officia laborum numquam quidem.',1,0,'1972-06-18 23:59:30','2020-10-25 01:27:34'),(97,15,8,'Soluta dolorem explicabo qui. Magni perspiciatis debitis minima possimus. Dolores esse voluptatem placeat reiciendis. Earum distinctio eum qui dolorum.',0,1,'1986-01-18 07:50:07','2020-10-25 01:27:34'),(98,92,35,'Cum maxime facere velit quo illum aut quod non. Iusto quibusdam dignissimos laboriosam quod excepturi voluptatum voluptatem. Repellat voluptatem et ut quos. Voluptas nemo totam ea. Et eaque recusandae eum aut id repellendus exercitationem.',1,0,'2014-01-13 21:39:23','2020-10-25 01:27:34'),(99,100,93,'Natus qui ut perspiciatis commodi illo nostrum suscipit ipsum. Recusandae voluptatem nulla quidem saepe pariatur quaerat. Non itaque itaque veritatis quia exercitationem sint aut. Quis placeat culpa quasi aliquam molestiae non magnam.',0,0,'1996-06-29 13:19:49','2020-10-25 01:27:34'),(100,65,45,'Et quos laudantium quia. Temporibus sint dolor molestias ut consequatur dolorum ipsam. Explicabo laudantium sit aut quo ea enim. Dolorem placeat id repudiandae quod libero est rerum.',0,0,'1975-02-23 02:45:37','2020-10-25 01:27:34');
/*!40000 ALTER TABLE `messages` ENABLE KEYS */;
UNLOCK TABLES;

--
-- Table structure for table `posts_communities`
--

DROP TABLE IF EXISTS `posts_communities`;
/*!40101 SET @saved_cs_client     = @@character_set_client */;
/*!50503 SET character_set_client = utf8mb4 */;
CREATE TABLE `posts_communities` (
  `id` int unsigned NOT NULL COMMENT 'Идентификатор строки',
  `user_id` int unsigned NOT NULL COMMENT 'Пользователь, автор поста',
  `community_id` int unsigned NOT NULL COMMENT 'Группа поста',
  `content` text COMMENT 'Содержимое поста',
  `from_community` tinyint unsigned DEFAULT '0' COMMENT 'Опубликован от имени группы',
  `created_at` datetime DEFAULT CURRENT_TIMESTAMP COMMENT 'Время создания строки',
  `updated_at` datetime DEFAULT CURRENT_TIMESTAMP ON UPDATE CURRENT_TIMESTAMP COMMENT 'Время обновления строки',
  PRIMARY KEY (`id`)
) ENGINE=InnoDB DEFAULT CHARSET=utf8mb4 COLLATE=utf8mb4_0900_ai_ci COMMENT='Посты сообществ';
/*!40101 SET character_set_client = @saved_cs_client */;

--
-- Dumping data for table `posts_communities`
--

LOCK TABLES `posts_communities` WRITE;
/*!40000 ALTER TABLE `posts_communities` DISABLE KEYS */;
/*!40000 ALTER TABLE `posts_communities` ENABLE KEYS */;
UNLOCK TABLES;

--
-- Table structure for table `posts_communities_media`
--

DROP TABLE IF EXISTS `posts_communities_media`;
/*!40101 SET @saved_cs_client     = @@character_set_client */;
/*!50503 SET character_set_client = utf8mb4 */;
CREATE TABLE `posts_communities_media` (
  `post_id` int unsigned NOT NULL COMMENT 'Идентификатор поста',
  `media_id` int unsigned NOT NULL COMMENT 'Идентификатор медиа',
  `created_at` datetime DEFAULT CURRENT_TIMESTAMP COMMENT 'Время создания строки',
  `updated_at` datetime DEFAULT CURRENT_TIMESTAMP ON UPDATE CURRENT_TIMESTAMP COMMENT 'Время обновления строки',
  PRIMARY KEY (`post_id`,`media_id`) COMMENT 'Первичный ключ'
) ENGINE=InnoDB DEFAULT CHARSET=utf8mb4 COLLATE=utf8mb4_0900_ai_ci COMMENT='Медиа постов сообществ';
/*!40101 SET character_set_client = @saved_cs_client */;

--
-- Dumping data for table `posts_communities_media`
--

LOCK TABLES `posts_communities_media` WRITE;
/*!40000 ALTER TABLE `posts_communities_media` DISABLE KEYS */;
/*!40000 ALTER TABLE `posts_communities_media` ENABLE KEYS */;
UNLOCK TABLES;

--
-- Table structure for table `posts_community_likes`
--

DROP TABLE IF EXISTS `posts_community_likes`;
/*!40101 SET @saved_cs_client     = @@character_set_client */;
/*!50503 SET character_set_client = utf8mb4 */;
CREATE TABLE `posts_community_likes` (
  `post_id` int unsigned NOT NULL COMMENT 'Идентификатор поста',
  `user_id` int unsigned NOT NULL COMMENT 'Идентификатор пользователя',
  `is_active` tinyint unsigned DEFAULT '1' COMMENT 'Активен',
  `created_at` datetime DEFAULT CURRENT_TIMESTAMP COMMENT 'Время создания строки',
  `updated_at` datetime DEFAULT CURRENT_TIMESTAMP ON UPDATE CURRENT_TIMESTAMP COMMENT 'Время обновления строки',
  PRIMARY KEY (`post_id`,`user_id`) COMMENT 'Первичный ключ'
) ENGINE=InnoDB DEFAULT CHARSET=utf8mb4 COLLATE=utf8mb4_0900_ai_ci COMMENT='Лайки постов сообществ';
/*!40101 SET character_set_client = @saved_cs_client */;

--
-- Dumping data for table `posts_community_likes`
--

LOCK TABLES `posts_community_likes` WRITE;
/*!40000 ALTER TABLE `posts_community_likes` DISABLE KEYS */;
/*!40000 ALTER TABLE `posts_community_likes` ENABLE KEYS */;
UNLOCK TABLES;

--
-- Table structure for table `posts_users`
--

DROP TABLE IF EXISTS `posts_users`;
/*!40101 SET @saved_cs_client     = @@character_set_client */;
/*!50503 SET character_set_client = utf8mb4 */;
CREATE TABLE `posts_users` (
  `id` int unsigned NOT NULL COMMENT 'Идентификатор строки',
  `user_id` int unsigned NOT NULL COMMENT 'Пользователь, автор поста',
  `content` text,
  `created_at` datetime DEFAULT CURRENT_TIMESTAMP COMMENT 'Время создания строки',
  `updated_at` datetime DEFAULT CURRENT_TIMESTAMP ON UPDATE CURRENT_TIMESTAMP COMMENT 'Время обновления строки',
  PRIMARY KEY (`id`)
) ENGINE=InnoDB DEFAULT CHARSET=utf8mb4 COLLATE=utf8mb4_0900_ai_ci COMMENT='Посты пользователей';
/*!40101 SET character_set_client = @saved_cs_client */;

--
-- Dumping data for table `posts_users`
--

LOCK TABLES `posts_users` WRITE;
/*!40000 ALTER TABLE `posts_users` DISABLE KEYS */;
/*!40000 ALTER TABLE `posts_users` ENABLE KEYS */;
UNLOCK TABLES;

--
-- Table structure for table `posts_users_likes`
--

DROP TABLE IF EXISTS `posts_users_likes`;
/*!40101 SET @saved_cs_client     = @@character_set_client */;
/*!50503 SET character_set_client = utf8mb4 */;
CREATE TABLE `posts_users_likes` (
  `post_id` int unsigned NOT NULL COMMENT 'Идентификатор поста',
  `user_id` int unsigned NOT NULL COMMENT 'Идентификатор пользователя',
  `is_active` tinyint unsigned DEFAULT '1' COMMENT 'Активен',
  `created_at` datetime DEFAULT CURRENT_TIMESTAMP COMMENT 'Время создания строки',
  `updated_at` datetime DEFAULT CURRENT_TIMESTAMP ON UPDATE CURRENT_TIMESTAMP COMMENT 'Время обновления строки',
  PRIMARY KEY (`post_id`,`user_id`) COMMENT 'Первичный ключ'
) ENGINE=InnoDB DEFAULT CHARSET=utf8mb4 COLLATE=utf8mb4_0900_ai_ci COMMENT='Лайки постов пользователей';
/*!40101 SET character_set_client = @saved_cs_client */;

--
-- Dumping data for table `posts_users_likes`
--

LOCK TABLES `posts_users_likes` WRITE;
/*!40000 ALTER TABLE `posts_users_likes` DISABLE KEYS */;
/*!40000 ALTER TABLE `posts_users_likes` ENABLE KEYS */;
UNLOCK TABLES;

--
-- Table structure for table `posts_users_media`
--

DROP TABLE IF EXISTS `posts_users_media`;
/*!40101 SET @saved_cs_client     = @@character_set_client */;
/*!50503 SET character_set_client = utf8mb4 */;
CREATE TABLE `posts_users_media` (
  `post_id` int unsigned NOT NULL COMMENT 'Идентификатор поста',
  `media_id` int unsigned NOT NULL COMMENT 'Идентификатор медиа',
  `created_at` datetime DEFAULT CURRENT_TIMESTAMP COMMENT 'Время создания строки',
  `updated_at` datetime DEFAULT CURRENT_TIMESTAMP ON UPDATE CURRENT_TIMESTAMP COMMENT 'Время обновления строки',
  PRIMARY KEY (`post_id`,`media_id`) COMMENT 'Первичный ключ'
) ENGINE=InnoDB DEFAULT CHARSET=utf8mb4 COLLATE=utf8mb4_0900_ai_ci COMMENT='Медиа постов пользователей';
/*!40101 SET character_set_client = @saved_cs_client */;

--
-- Dumping data for table `posts_users_media`
--

LOCK TABLES `posts_users_media` WRITE;
/*!40000 ALTER TABLE `posts_users_media` DISABLE KEYS */;
/*!40000 ALTER TABLE `posts_users_media` ENABLE KEYS */;
UNLOCK TABLES;

--
-- Table structure for table `profile_statuses`
--

DROP TABLE IF EXISTS `profile_statuses`;
/*!40101 SET @saved_cs_client     = @@character_set_client */;
/*!50503 SET character_set_client = utf8mb4 */;
CREATE TABLE `profile_statuses` (
  `id` int unsigned NOT NULL AUTO_INCREMENT COMMENT 'Идентификатор строки',
  `name` varchar(30) NOT NULL COMMENT 'Название статуса',
  `created_at` datetime DEFAULT CURRENT_TIMESTAMP COMMENT 'Время создания строки',
  `updated_at` datetime DEFAULT CURRENT_TIMESTAMP ON UPDATE CURRENT_TIMESTAMP COMMENT 'Время обновления строки',
  PRIMARY KEY (`id`),
  UNIQUE KEY `name` (`name`)
) ENGINE=InnoDB AUTO_INCREMENT=4 DEFAULT CHARSET=utf8mb4 COLLATE=utf8mb4_0900_ai_ci COMMENT='Статусы профилей';
/*!40101 SET character_set_client = @saved_cs_client */;

--
-- Dumping data for table `profile_statuses`
--

LOCK TABLES `profile_statuses` WRITE;
/*!40000 ALTER TABLE `profile_statuses` DISABLE KEYS */;
INSERT INTO `profile_statuses` VALUES (1,'active','2020-10-25 00:47:57','2020-10-25 00:47:57'),(2,'pending','2020-10-25 00:47:57','2020-10-25 00:47:57'),(3,'disable','2020-10-25 00:47:57','2020-10-25 00:47:57');
/*!40000 ALTER TABLE `profile_statuses` ENABLE KEYS */;
UNLOCK TABLES;

--
-- Table structure for table `profiles`
--

DROP TABLE IF EXISTS `profiles`;
/*!40101 SET @saved_cs_client     = @@character_set_client */;
/*!50503 SET character_set_client = utf8mb4 */;
CREATE TABLE `profiles` (
  `user_id` int unsigned NOT NULL COMMENT 'Ссылка на пользователя',
  `gender` int unsigned NOT NULL,
  `birthday` date DEFAULT NULL COMMENT 'Дата рождения',
  `photo_id` int unsigned DEFAULT NULL COMMENT 'Ссылка на основную фотографию пользователя',
  `status_id` int NOT NULL COMMENT 'Идентификатор статуса',
  `city_id` int unsigned DEFAULT NULL,
  `created_at` datetime DEFAULT CURRENT_TIMESTAMP COMMENT 'Время создания строки',
  `updated_at` datetime DEFAULT CURRENT_TIMESTAMP ON UPDATE CURRENT_TIMESTAMP COMMENT 'Время обновления строки',
  PRIMARY KEY (`user_id`)
) ENGINE=InnoDB DEFAULT CHARSET=utf8 COLLATE=utf8_unicode_ci COMMENT='Профили';
/*!40101 SET character_set_client = @saved_cs_client */;

--
-- Dumping data for table `profiles`
--

LOCK TABLES `profiles` WRITE;
/*!40000 ALTER TABLE `profiles` DISABLE KEYS */;
INSERT INTO `profiles` VALUES (1,1,'2015-08-16',79,1,26,'2012-12-09 15:55:24','2020-10-25 01:19:30'),(2,2,'1991-02-06',86,1,17,'1983-06-06 11:39:43','2020-10-25 01:19:30'),(3,2,'2010-08-28',94,1,5,'2010-01-14 15:06:01','2020-10-25 01:19:30'),(4,1,'1993-12-01',11,1,73,'1981-05-26 17:30:43','2020-10-25 01:19:30'),(5,3,'2003-06-19',71,1,52,'1985-07-10 17:45:26','2020-10-25 01:19:30'),(6,4,'1982-10-13',23,1,39,'2014-03-06 08:11:03','2020-10-25 01:19:30'),(7,3,'1985-04-24',100,1,38,'2004-07-17 23:37:40','2020-10-25 01:19:30'),(8,4,'1989-09-19',32,3,75,'1977-03-30 15:22:35','2020-10-25 01:19:30'),(9,1,'1998-05-23',59,1,58,'2006-09-11 13:46:22','2020-10-25 01:19:30'),(10,4,'1996-05-30',100,1,67,'2013-04-29 16:20:36','2020-10-25 01:19:30'),(11,2,'2004-12-09',20,1,60,'1970-10-21 19:49:57','2020-10-25 01:19:30'),(12,4,'2012-04-19',1,1,99,'1987-02-04 00:06:30','2020-10-25 01:19:30'),(13,3,'1974-06-12',45,1,15,'1996-10-22 12:18:41','2020-10-25 01:19:30'),(14,2,'1982-08-25',20,1,78,'2001-09-03 08:25:19','2020-10-25 01:19:30'),(15,3,'2016-10-05',63,2,43,'1996-01-05 02:37:16','2020-10-25 01:19:30'),(16,3,'2014-02-02',58,1,82,'1981-02-27 00:09:37','2020-10-25 01:19:30'),(17,3,'1990-04-01',97,2,81,'2005-06-03 14:20:50','2020-10-25 01:19:30'),(18,3,'2016-08-14',13,1,56,'1979-09-28 06:43:02','2020-10-25 01:19:30'),(19,3,'2017-03-26',72,1,39,'2004-09-16 14:55:07','2020-10-25 01:19:30'),(20,1,'1988-08-05',22,1,23,'1973-08-31 18:51:28','2020-10-25 01:19:30'),(21,4,'1999-12-16',93,1,1,'2020-08-21 16:46:17','2020-10-25 01:19:30'),(22,1,'1972-02-08',1,1,35,'1970-03-18 03:13:19','2020-10-25 01:19:30'),(23,4,'1984-04-20',22,1,70,'1988-07-18 09:10:43','2020-10-25 01:19:30'),(24,2,'1985-04-04',6,1,46,'1982-10-16 07:18:43','2020-10-25 01:19:30'),(25,4,'1976-05-19',64,1,18,'2016-07-13 13:45:12','2020-10-25 01:19:30'),(26,1,'2001-09-29',2,1,50,'2014-10-17 15:59:12','2020-10-25 01:19:30'),(27,2,'1999-11-27',17,1,98,'1978-09-21 08:57:30','2020-10-25 01:19:30'),(28,1,'2013-01-08',79,1,41,'1991-07-30 12:19:00','2020-10-25 01:19:30'),(29,2,'1983-06-08',43,1,7,'1973-06-03 20:14:37','2020-10-25 01:19:30'),(30,2,'2001-01-07',78,1,14,'2017-03-27 07:27:26','2020-10-25 01:19:30'),(31,1,'1977-07-20',59,1,47,'1988-06-08 21:01:30','2020-10-25 01:19:30'),(32,4,'1975-03-04',60,1,94,'1973-08-05 02:28:00','2020-10-25 01:19:30'),(33,2,'2013-04-21',25,1,27,'2003-05-13 21:09:21','2020-10-25 01:19:30'),(34,2,'2009-07-07',44,1,53,'1994-09-17 17:17:14','2020-10-25 01:19:30'),(35,3,'1986-09-23',45,1,85,'1993-12-19 05:42:13','2020-10-25 01:19:30'),(36,4,'2020-08-21',94,1,63,'1984-10-24 16:37:32','2020-10-25 01:19:30'),(37,4,'1978-08-16',32,1,59,'2013-11-24 04:10:01','2020-10-25 01:19:30'),(38,1,'1977-04-17',76,1,7,'1971-08-27 13:06:11','2020-10-25 01:19:30'),(39,2,'2008-02-13',87,1,57,'2007-04-20 02:21:35','2020-10-25 01:19:30'),(40,1,'2014-01-27',4,1,64,'1993-04-11 12:51:45','2020-10-25 01:19:30'),(41,1,'2016-02-19',60,1,48,'2013-10-16 01:32:55','2020-10-25 01:19:30'),(42,2,'2019-08-08',89,1,49,'1973-04-07 00:14:06','2020-10-25 01:19:30'),(43,1,'2002-08-27',63,1,99,'2007-01-16 06:05:38','2020-10-25 01:19:30'),(44,2,'2010-06-05',47,1,49,'2003-08-04 06:50:02','2020-10-25 01:19:30'),(45,4,'1987-03-05',48,1,48,'1994-02-17 19:03:36','2020-10-25 01:19:30'),(46,3,'1988-08-25',96,1,93,'2019-05-04 09:56:44','2020-10-25 01:19:30'),(47,2,'1991-06-09',37,1,20,'2016-07-11 00:14:39','2020-10-25 01:19:30'),(48,1,'1974-10-08',98,1,20,'2003-03-20 12:51:17','2020-10-25 01:19:30'),(49,1,'1994-03-17',76,1,39,'1981-03-13 03:07:12','2020-10-25 01:19:30'),(50,2,'1985-06-28',85,1,33,'1982-08-22 12:38:32','2020-10-25 01:19:30'),(51,1,'2004-12-28',97,3,48,'1987-09-10 09:02:07','2020-10-25 01:19:30'),(52,1,'1972-04-13',30,1,43,'1996-03-19 12:27:05','2020-10-25 01:19:30'),(53,3,'1994-12-02',58,1,68,'1982-12-22 07:18:54','2020-10-25 01:19:30'),(54,1,'2014-09-07',98,1,13,'2014-01-17 14:24:25','2020-10-25 01:19:30'),(55,1,'1983-09-04',17,1,58,'1978-10-01 04:55:16','2020-10-25 01:19:30'),(56,4,'1979-01-08',91,3,52,'2010-05-17 07:08:25','2020-10-25 01:19:30'),(57,3,'1998-12-19',2,1,85,'2017-01-21 03:44:54','2020-10-25 01:19:30'),(58,1,'1970-05-06',38,1,70,'1974-09-14 21:55:34','2020-10-25 01:19:30'),(59,3,'1999-03-15',83,1,93,'1971-09-06 07:22:05','2020-10-25 01:19:30'),(60,4,'2011-06-01',1,1,56,'2014-11-11 20:21:25','2020-10-25 01:19:30'),(61,4,'2013-01-10',57,1,100,'1987-08-12 10:39:23','2020-10-25 01:19:30'),(62,2,'1971-05-01',80,1,33,'1978-05-01 05:46:58','2020-10-25 01:19:30'),(63,1,'2011-01-07',30,1,62,'2004-05-07 21:46:51','2020-10-25 01:19:30'),(64,2,'1971-04-24',8,1,11,'1982-04-22 11:37:28','2020-10-25 01:19:30'),(65,4,'2019-09-29',51,2,69,'1979-04-02 21:38:40','2020-10-25 01:19:30'),(66,4,'1981-10-20',28,1,13,'1994-11-11 15:58:48','2020-10-25 01:19:30'),(67,1,'2008-11-02',86,1,56,'1983-06-06 06:45:20','2020-10-25 01:19:30'),(68,3,'2006-07-01',49,1,41,'1982-10-18 23:48:47','2020-10-25 01:19:30'),(69,2,'2006-09-06',83,1,38,'2012-03-06 00:26:22','2020-10-25 01:19:30'),(70,2,'1995-04-07',68,1,67,'1987-03-22 15:20:46','2020-10-25 01:19:30'),(71,4,'1991-06-23',92,3,20,'1995-09-10 10:23:11','2020-10-25 01:19:30'),(72,2,'1991-05-12',57,1,99,'2005-08-28 05:03:39','2020-10-25 01:19:30'),(73,1,'2019-05-31',6,1,35,'2016-09-27 14:21:44','2020-10-25 01:19:30'),(74,4,'1995-02-18',58,1,77,'1971-09-20 04:35:13','2020-10-25 01:19:30'),(75,1,'1973-03-10',74,1,79,'2004-09-30 07:25:45','2020-10-25 01:19:30'),(76,3,'2009-03-15',96,1,65,'2011-02-01 02:57:54','2020-10-25 01:19:30'),(77,2,'2000-12-01',58,1,86,'1973-06-07 00:26:18','2020-10-25 01:19:30'),(78,3,'1983-05-25',99,1,34,'2017-09-13 17:45:26','2020-10-25 01:19:30'),(79,3,'1999-04-17',21,1,14,'1975-03-28 07:04:57','2020-10-25 01:19:30'),(80,1,'2017-07-22',8,1,66,'2003-03-07 11:59:49','2020-10-25 01:19:30'),(81,2,'1979-12-20',78,1,87,'1972-12-16 03:51:19','2020-10-25 01:19:30'),(82,3,'1987-04-18',65,1,39,'2003-05-12 02:55:44','2020-10-25 01:19:30'),(83,3,'1993-04-23',89,1,31,'1992-12-28 10:29:04','2020-10-25 01:19:30'),(84,4,'1976-05-18',52,1,39,'1996-10-23 11:58:58','2020-10-25 01:19:30'),(85,1,'1997-08-14',91,1,1,'1973-03-01 23:29:27','2020-10-25 01:19:30'),(86,1,'2011-05-31',98,1,87,'1972-09-23 18:42:52','2020-10-25 01:19:30'),(87,1,'1997-05-29',18,1,32,'2011-06-15 00:58:50','2020-10-25 01:19:30'),(88,3,'1986-09-06',93,2,97,'2005-08-11 07:59:42','2020-10-25 01:19:30'),(89,1,'1985-08-03',13,1,90,'1974-09-22 07:34:22','2020-10-25 01:19:30'),(90,1,'2010-01-12',87,1,57,'2005-09-17 16:22:23','2020-10-25 01:19:30'),(91,4,'2019-02-27',92,1,14,'2019-05-22 21:59:28','2020-10-25 01:19:30'),(92,2,'2008-06-25',100,1,99,'1970-11-12 08:40:45','2020-10-25 01:19:30'),(93,2,'2019-12-20',23,1,53,'2010-10-22 16:41:10','2020-10-25 01:19:30'),(94,1,'1987-11-23',15,1,66,'1985-05-24 14:51:19','2020-10-25 01:19:30'),(95,3,'1983-11-28',5,1,70,'1991-05-03 05:09:29','2020-10-25 01:19:30'),(96,2,'1981-01-30',79,1,54,'1992-03-27 16:14:34','2020-10-25 01:19:30'),(97,4,'2020-03-08',81,1,60,'2007-10-05 01:23:20','2020-10-25 01:19:30'),(98,4,'1983-02-08',65,1,36,'2011-02-07 20:19:12','2020-10-25 01:19:30'),(99,4,'1976-07-12',82,1,100,'1993-08-03 01:52:48','2020-10-25 01:19:30'),(100,3,'2014-06-06',17,1,90,'1989-07-16 07:04:09','2020-10-25 01:19:30');
/*!40000 ALTER TABLE `profiles` ENABLE KEYS */;
UNLOCK TABLES;

--
-- Table structure for table `users`
--

DROP TABLE IF EXISTS `users`;
/*!40101 SET @saved_cs_client     = @@character_set_client */;
/*!50503 SET character_set_client = utf8mb4 */;
CREATE TABLE `users` (
  `id` int unsigned NOT NULL AUTO_INCREMENT COMMENT 'Идентификатор строки',
  `first_name` varchar(100) CHARACTER SET utf8 COLLATE utf8_unicode_ci NOT NULL COMMENT 'Имя пользователя',
  `last_name` varchar(100) CHARACTER SET utf8 COLLATE utf8_unicode_ci NOT NULL COMMENT 'Фамилия пользователя',
  `email` varchar(100) CHARACTER SET utf8 COLLATE utf8_unicode_ci NOT NULL COMMENT 'Почта',
  `phone` varchar(100) CHARACTER SET utf8 COLLATE utf8_unicode_ci NOT NULL COMMENT 'Телефон',
  `created_at` datetime DEFAULT CURRENT_TIMESTAMP COMMENT 'Время создания строки',
  `updated_at` datetime DEFAULT CURRENT_TIMESTAMP ON UPDATE CURRENT_TIMESTAMP COMMENT 'Время обновления строки',
  PRIMARY KEY (`id`),
  UNIQUE KEY `email` (`email`),
  UNIQUE KEY `phone` (`phone`)
) ENGINE=InnoDB AUTO_INCREMENT=101 DEFAULT CHARSET=utf8 COLLATE=utf8_unicode_ci COMMENT='Пользователи';
/*!40101 SET character_set_client = @saved_cs_client */;

--
-- Dumping data for table `users`
--

LOCK TABLES `users` WRITE;
/*!40000 ALTER TABLE `users` DISABLE KEYS */;
INSERT INTO `users` VALUES (1,'Brenna','Dach','cruickshank.roslyn@example.org','(304)961-5958','2010-01-11 00:21:49','2020-10-24 20:46:30'),(2,'Ariel','Sawayn','prath@example.org','748.367.4517x2556','1986-08-17 16:13:36','2020-10-24 20:46:30'),(3,'Sedrick','Windler','reyes.brown@example.org','1-063-891-2603','1991-02-25 02:57:13','2013-12-14 05:53:54'),(4,'Casey','Rutherford','electa31@example.net','773-249-3481','2003-02-17 15:34:54','2020-10-24 20:46:30'),(5,'Bettye','Blick','austyn.bernhard@example.org','165.975.9251','2014-04-01 01:57:09','2020-10-24 20:46:30'),(6,'Carissa','Nader','schmitt.evelyn@example.com','05358868245','1980-09-09 07:07:05','1996-12-27 01:56:23'),(7,'Emery','Parisian','arnold20@example.com','(926)608-1499','1975-12-11 12:05:57','1986-11-07 16:57:37'),(8,'Alessandro','Buckridge','nruecker@example.com','(701)352-2157x34061','1979-04-10 08:11:08','2001-11-08 09:44:48'),(9,'Edmond','Lowe','hshields@example.com','395-251-1350x9762','1984-08-09 12:38:13','2020-10-24 20:46:30'),(10,'Elinore','Dietrich','jacobson.theron@example.net','256.327.9375x76239','2000-08-26 12:11:02','2020-10-24 20:46:30'),(11,'Madisyn','Lesch','ada76@example.net','799-976-2838x102','2013-11-05 03:52:52','2020-10-24 20:46:30'),(12,'Uriel','Crooks','osborne.beahan@example.org','02273860221','2017-06-22 06:23:29','2020-10-24 20:46:30'),(13,'Eileen','Pfannerstill','roob.nikolas@example.org','1-059-956-8223x92365','1978-05-17 05:13:16','1987-09-07 09:35:49'),(14,'Milford','Walsh','andrew36@example.com','619.122.7459x90038','1979-11-09 20:30:40','1984-03-05 16:32:29'),(15,'Landen','Mante','fmuller@example.com','1-484-682-8395','1988-03-24 05:27:18','1993-01-02 22:23:25'),(16,'Margret','Towne','lfadel@example.org','938.796.9234x552','2004-08-09 05:14:21','2016-05-19 01:33:24'),(17,'Shana','Schneider','mayer.ima@example.org','1-130-407-9852x8198','1997-05-04 09:27:11','2004-08-17 15:51:53'),(18,'Cullen','Moore','salvador61@example.com','118-957-9391','1990-05-20 05:11:52','2018-01-05 03:27:39'),(19,'Alexandrine','Nolan','heaney.ari@example.net','+42(4)6532828551','2017-04-15 17:15:02','2020-10-24 20:46:30'),(20,'Willie','Bartell','alisha.smith@example.net','(718)075-3239x7842','1971-01-02 17:42:48','2006-07-12 07:34:33'),(21,'Liam','Witting','tmarquardt@example.net','372-658-6182','2019-07-22 14:26:18','2020-10-24 20:46:30'),(22,'Collin','Kirlin','hahn.berenice@example.org','760-729-0116','1997-08-25 06:20:47','2005-01-05 16:27:41'),(23,'Bobbie','Spinka','hauck.angel@example.com','(423)737-0056x1621','1993-11-03 05:10:11','2000-11-23 13:37:27'),(24,'Kendall','Connelly','jmraz@example.org','546.252.2178x0688','2005-02-20 07:35:15','2020-10-24 20:46:30'),(25,'Kailee','Fritsch','pkohler@example.net','697-317-9781','2001-03-19 03:41:52','2004-08-23 17:54:53'),(26,'Hillary','Abernathy','jtromp@example.org','104-296-5640','1988-12-10 08:47:37','1992-03-20 23:15:55'),(27,'Roger','Rosenbaum','walker.zelda@example.net','574-280-1701x22702','2003-09-17 02:25:48','2010-03-20 05:14:55'),(28,'Clinton','Wiegand','quigley.nestor@example.net','688-893-1008','2017-04-12 08:06:06','2020-10-24 20:46:30'),(29,'Tara','Kuphal','vance58@example.net','1-425-275-0859','2018-12-08 12:50:42','2020-10-24 20:46:30'),(30,'Terence','Kemmer','padberg.ephraim@example.org','1-612-922-2124x36671','2003-05-28 12:50:30','2020-06-07 10:48:19'),(31,'Eloy','Rolfson','orrin.sporer@example.net','449-068-5943','2006-07-12 01:55:03','2011-03-14 01:13:59'),(32,'Cristobal','Cormier','ruecker.jada@example.org','405-576-5625','1976-12-04 16:09:44','2020-10-24 20:46:30'),(33,'Makenna','Parker','rbeier@example.org','1-886-705-6780x212','1994-02-08 23:33:17','2020-10-24 20:46:30'),(34,'Genesis','Watsica','hilario13@example.org','358-042-1665x363','1974-04-16 15:31:47','2017-10-03 07:53:08'),(35,'Carlotta','Zemlak','jrunolfsdottir@example.net','(855)873-4425','1996-01-10 17:30:23','2020-10-24 20:46:30'),(36,'Caden','Block','alf.swaniawski@example.com','1-004-949-8029x27048','2014-10-05 15:51:37','2020-02-13 06:39:24'),(37,'Mavis','Carroll','beer.aliyah@example.net','(342)544-5918x600','2003-06-07 19:18:18','2020-10-24 20:46:30'),(38,'Loma','Ledner','russel.milford@example.com','03085613485','1981-07-20 01:47:42','1994-02-15 14:51:01'),(39,'Tyrique','Barton','wallace.mitchell@example.com','846.591.2553','2015-11-09 15:28:59','2020-10-24 20:46:30'),(40,'Darion','Bergnaum','stacy.batz@example.org','329.406.3812','1991-06-07 11:05:43','2012-04-10 04:05:59'),(41,'Assunta','Oberbrunner','fhane@example.org','090.145.2149','1999-05-27 04:28:33','2016-05-14 07:22:18'),(42,'Amanda','Berge','roslyn.prohaska@example.com','1-108-041-5902','1976-08-25 19:54:41','2020-10-24 20:46:30'),(43,'Winston','Pouros','lulu.hane@example.net','(830)678-2572x334','1989-04-10 03:35:06','2020-10-24 20:46:30'),(44,'Eugene','Grady','mckenzie.ozella@example.com','+28(6)6709161169','1976-01-04 16:21:08','2020-10-24 20:46:30'),(45,'Nelson','Borer','bwatsica@example.net','572.241.1529x89230','1992-03-18 08:26:13','2020-10-24 20:46:30'),(46,'Elliot','Lowe','kunde.natasha@example.org','1-184-446-1406','2013-02-24 06:53:33','2020-10-24 20:46:30'),(47,'Jayde','Moen','colin.rosenbaum@example.com','1-045-122-9746','2004-08-04 19:51:58','2020-10-24 20:46:30'),(48,'Natalie','Bogisich','sally.wehner@example.net','+62(1)7372436551','1987-08-17 03:01:03','1998-12-22 05:34:54'),(49,'Susan','Little','egutkowski@example.com','319-948-9272','1978-11-24 10:07:55','1993-07-24 00:38:15'),(50,'Jordy','Schulist','morar.joanny@example.com','(979)999-4781x453','2002-05-16 01:43:34','2005-10-31 19:20:13'),(51,'Bell','Rosenbaum','emanuel55@example.com','+35(6)3565381850','1989-09-27 15:10:44','2017-03-23 01:46:43'),(52,'Carrie','Quigley','ruthie93@example.com','(492)063-7230x25463','1975-04-07 18:13:59','1977-04-28 05:18:20'),(53,'Anabel','Skiles','pollich.stella@example.org','1-502-875-5057','1977-08-02 16:40:53','2004-12-25 11:50:04'),(54,'Letitia','Ernser','sarai39@example.com','792-378-3613x0056','1975-02-10 00:41:59','1977-10-20 06:09:06'),(55,'Brian','Carter','frida.conn@example.com','(693)564-5989','1994-01-31 11:37:53','1995-03-23 18:31:36'),(56,'Assunta','Mayer','haley.nicklaus@example.com','1-830-518-5135x3220','2018-08-18 07:37:49','2020-10-24 20:46:30'),(57,'Ethel','O\'Reilly','jannie99@example.org','349-408-8283','2011-06-29 19:16:57','2020-10-24 20:46:30'),(58,'Edythe','Bode','hoyt67@example.com','(946)668-4801','2014-09-02 10:45:03','2020-10-24 20:46:30'),(59,'Avery','Powlowski','althea69@example.net','(667)398-3312','1977-03-30 13:06:06','2018-12-18 16:12:42'),(60,'Tiana','Kilback','candida70@example.org','(293)308-9305','2019-01-19 07:22:46','2020-10-24 20:46:30'),(61,'Mary','Walker','fhills@example.com','826.450.3502','2004-01-29 06:41:14','2020-10-24 20:46:30'),(62,'Eddie','Johns','ikrajcik@example.net','1-706-564-9205','1984-10-11 04:53:06','2002-06-28 07:59:30'),(63,'Elinor','Turcotte','valtenwerth@example.net','938.028.2447','2000-04-19 00:52:29','2006-01-02 22:26:23'),(64,'Clarabelle','Cormier','thora17@example.net','07445584036','1979-08-25 22:59:44','2005-03-02 02:24:08'),(65,'Mac','Bosco','qkoepp@example.org','617.606.6247x0887','1970-12-29 16:49:46','2017-08-10 05:44:18'),(66,'Cornelius','Grant','ross75@example.com','(277)734-2065x45905','2010-02-03 21:45:40','2020-10-24 20:46:30'),(67,'Bianka','Howell','alessandra.mraz@example.org','1-822-520-0650x96359','1979-12-17 03:54:51','1984-07-11 13:57:31'),(68,'Lola','Graham','skyla.olson@example.org','(431)871-6099x4577','2002-04-10 10:21:13','2020-10-24 20:46:30'),(69,'Vince','Lowe','kaitlin91@example.com','08837620599','1979-08-30 00:42:14','2016-01-31 11:58:52'),(70,'Cecile','Heller','zena.mayer@example.org','(742)597-5451x0215','2005-08-30 15:09:30','2020-10-24 20:46:30'),(71,'Kenna','Hermann','tillman.zachariah@example.com','(986)152-7861x4394','1984-02-10 13:27:48','1995-07-31 15:07:03'),(72,'Candida','Swaniawski','makenna.bashirian@example.org','1-619-406-8001','1975-06-16 22:27:13','2000-02-10 21:41:31'),(73,'Daisha','Dietrich','gorczany.aurelia@example.com','(834)449-2994x08737','1973-08-14 12:05:47','2009-01-10 18:16:31'),(74,'Tara','Schultz','haven.breitenberg@example.net','372-106-2201x416','1986-09-03 15:50:06','2012-07-09 19:31:52'),(75,'Letha','Funk','xbechtelar@example.com','841.949.8312x127','1999-12-25 00:23:18','2006-04-16 06:58:05'),(76,'Krystina','Mohr','nienow.christine@example.org','(250)348-9542','2015-07-27 21:47:52','2020-10-24 20:46:30'),(77,'Marcia','Gutkowski','lavada.kilback@example.net','(290)704-0988','1976-11-22 06:26:49','2020-10-24 20:46:30'),(78,'Everardo','Boyer','eerdman@example.org','443-196-1006','1979-03-26 06:31:51','1994-05-28 20:50:26'),(79,'Hailey','Osinski','myriam88@example.org','(092)598-3040x965','1995-01-17 08:13:07','2020-10-24 20:46:30'),(80,'Curt','Wolff','ireichel@example.net','324.074.1000x2118','2017-03-15 05:04:18','2020-10-24 20:46:30'),(81,'Gonzalo','Kassulke','imetz@example.com','+34(8)2683428996','1996-03-11 10:04:27','2017-08-15 15:43:25'),(82,'Frank','Ledner','audie.cronin@example.com','1-331-501-9746x517','2009-06-22 03:32:08','2020-10-24 20:46:30'),(83,'Alan','Ondricka','lela41@example.org','553.453.0772','1971-10-11 13:03:32','2002-10-31 09:55:43'),(84,'Shaylee','Considine','ethan89@example.net','324.111.3366x5214','1980-08-22 06:26:22','1992-01-12 06:39:39'),(85,'Grady','Wolff','lstiedemann@example.org','+78(3)9686015070','1978-08-30 09:21:55','1987-12-06 05:28:41'),(86,'Otha','Borer','cruickshank.jacklyn@example.net','1-450-258-2222x5770','2005-02-09 02:28:33','2020-10-24 20:46:30'),(87,'Demetrius','Kling','bartoletti.lola@example.net','198.179.7965x32233','1998-03-08 11:52:23','2020-10-24 20:46:30'),(88,'Aliyah','Rogahn','mills.eulah@example.org','(618)283-9428','1997-01-12 03:25:23','2011-09-11 08:44:34'),(89,'Cathryn','Bednar','jacobs.octavia@example.org','00086689289','2015-12-14 18:17:25','2020-10-24 20:46:30'),(90,'Elbert','Heidenreich','jrempel@example.com','(849)326-4731x149','2003-08-02 01:09:17','2020-10-24 20:46:30'),(91,'Samara','Farrell','antonio32@example.org','1-226-164-3228x600','1997-08-30 22:49:15','2020-10-24 20:46:30'),(92,'Fritz','Murphy','kuphal.cecilia@example.org','1-685-118-0577x645','1993-06-19 10:23:30','2020-10-24 20:46:30'),(93,'Ellen','Hegmann','khomenick@example.com','(345)636-7391x63726','1984-09-05 16:46:52','1994-08-11 12:54:34'),(94,'Rocio','Denesik','scarlett01@example.com','(858)828-0619','1994-03-10 12:14:26','2020-10-24 20:46:30'),(95,'Ervin','Stokes','elisha.legros@example.net','260.959.6402x1876','1988-06-30 10:08:01','2020-10-24 20:46:30'),(96,'Lonny','Parisian','myrna68@example.com','267.175.5743x8588','1974-10-12 03:37:35','1983-11-22 06:19:56'),(97,'Ashton','Dickens','mrohan@example.org','421-586-8041','1975-09-28 17:22:33','2005-07-08 23:42:55'),(98,'Clay','Abbott','rahsaan25@example.net','372.755.5389x6218','2019-10-15 16:27:55','2020-10-24 20:46:30'),(99,'Mathilde','Johnson','zshanahan@example.net','735.845.5423x03147','1997-08-05 20:24:08','2020-10-24 20:46:30'),(100,'Clement','Stroman','gdonnelly@example.com','(858)752-6215','2002-04-23 18:21:57','2020-10-24 20:46:30');
/*!40000 ALTER TABLE `users` ENABLE KEYS */;
UNLOCK TABLES;
/*!40103 SET TIME_ZONE=@OLD_TIME_ZONE */;

/*!40101 SET SQL_MODE=@OLD_SQL_MODE */;
/*!40014 SET FOREIGN_KEY_CHECKS=@OLD_FOREIGN_KEY_CHECKS */;
/*!40014 SET UNIQUE_CHECKS=@OLD_UNIQUE_CHECKS */;
/*!40101 SET CHARACTER_SET_CLIENT=@OLD_CHARACTER_SET_CLIENT */;
/*!40101 SET CHARACTER_SET_RESULTS=@OLD_CHARACTER_SET_RESULTS */;
/*!40101 SET COLLATION_CONNECTION=@OLD_COLLATION_CONNECTION */;
/*!40111 SET SQL_NOTES=@OLD_SQL_NOTES */;

-- Dump completed on 2020-10-25 20:10:43
